Gene Name,Common-Name,Accession-1
G6818,ydfK,b1544
EG10748,mrcA,b3396
G0-8891,yciY,b4595
EG12194,cbpM,b0999
G7950,rsmC,b4371
G0-10629,ibsE,b4666
EG11176,garR,b3125
G7075,yoeA_1,b1995
G6637,lapA,b1279
G6698,ynaE,b1375
EG12410,nudK,b2467
G6559,mdtH,b1065
G6668,ynaJ,b1332
EG10444,hisA,b2024
G7845,rlmB,b4180
EG11004,ptrB,b1845
EG12297,envC,b3613
EG12691,lapB,b1280
G6696,tfaR,b1373
EG12168,brnQ,b0401
G0-10715,mntS,b4705
EG11911,pflC,b3952
G7031,uspC,b1895
G7843,queG,b4166
EG11175,garK,b3124
EG11460,narQ,b2469
G7062,yodB,b1974
EG11569,lptD,b0054
G6695,stfR,b1372
EG12387,lhgO,b2660
EG10556,malG,b4032
G6641,ycjD,b1289
G7242,alaC,b2379
G7750,rtcA,b4475
EG10968,sppA,b1766
EG12111,nlpD,b2742
EG10855,lptE,b0641
G6694,lomR_2,b1371
EG10678,oppF,b1247
G0-10707,pmrR,b4703
EG11835,yihI,b3866
G7016,exoX,b1844
G7714,tusD,b3345
G0-10472,ghoT,b4559
G7051,yedR,b1963
EG11101,aes,b0476
G6692,lomR_1,b1369
G7341,yphE,b2547
EG12337,yaeI,b0164
G6552,opgC,b1047
G6633,yciU,b1248
G7184,alaA,b2290
G7713,tusC,b3344
EG10786,ptrA,b2821
EG11878,zapB,b3928
G6691,ynaA,b1368
EG12166,elyC,b0920
G0-10657,yshB,b4686
EG11682,ptsN,b3204
EG11877,uspD,b3923
G7712,tusB,b3343
EG11459,yifK,b3795
G7050,yodC,b1957
EG11075,xylB,b3564
G6689,ydaY,b1366
G7018,znuC,b1858
EG12290,yiaV,b3586
EG10555,malF,b4033
G6624,ymgE,b1195
G0-9281,alaB,
G7698,tsaC,b3282
EG10698,pepQ,b3847
EG11676,hslV,b3932
G7147,mepS,b2175
G6688,ynaK,b1365
EG10677,oppD,b1246
G0-10652,yohP,b4679
EG11238,ybhB,b0773
EG11246,uspE,b1333
G7641,rsmI,b3146
EG12429,tomB,b0461
EG11074,xylA,b3565
G7045,dsrB,b1952
G7073,ldtA,b1990
G6686,rzpR,b1362
G6951,ynjD,b1756
EG12248,yhjD,b3522
G6544,csgF,b1038
G6612,ymgG,b1172
EG11408,dadX,b1190
G7603,rlmG,b3084
EG10697,pepP,b2908
EG11529,ftsN,b3933
G6904,ldtE,b1678
G6685,ydaW,b1361
EG12153,narU,b1469
G0-10651,yrbN,b4685
EG10811,pyrI,b4244
EG11073,xthA,b1749
G7456,tcdA,b2812
EG11066,uxuA,b4322
EG11439,emrB,b2686
G7043,yedM,b1935
G6892,mepH,b1655
G6684,ydaV,b1360
G6800,lsrA,b1513
EG12240,mdtE,b3513
EG10548,lspA,b0027
G6579,ymfA,b1122
EG10107,avtA,b3572
G7452,queF,b2794
EG10696,pepN,b0932
EG11494,mltG,b1097
G6571,ldtC,b1113
G6683,ydaU,b1359
EG10676,oppC,b1245
G0-10649,yoaK,b4676
EG10384,glnB,b2553
EG11063,uvrC,b1913
G7449,truC,b2791
EG11817,umpG,b2744
EG11065,uxaB,b1521
G7036,yecH,b1906
G6422,ldtB,b0819
G6682,ydaT,b1358
G6778,ddpD,b1484
EG12224,yhiI,b3487
G6517,rutG,b1006
G6549,ymdA,b1044
EG10001,alr,b4053
G7431,queD,b2765
EG10695,pepD,b0237
EG11441,prlC,b3498
G6092,ispU,b0174
G6681,ydaS,b1357
EG12148,galP,b2943
G0-10648,yoaJ,b4675
EG10255,eco,b2209
EG10662,nth,b1633
G7422,truD,b2745
EG11055,uidA,b1617
EG11419,bcr,b2182
G7026,yecT,b1877
EG11253,ldtD,b0925
G6680,racR,b1356
G6777,ddpF,b1483
EG12104,yeiR,b2173
EG10541,livM,b3456
G6498,yccT,b0964
EG11275,ivbL,b3672
G7327,trmJ,b2532
EG10694,pepA,b4260
EG11376,ftsP,b3017
G6215,yaiP,b0363
G6679,ydaG,b1355
EG10675,oppB,b1244
G0-10647,ypdK,b4680
EG10170,cyaA,b3806
EG10651,nfo,b2159
G7325,iscS,b2530
EG11498,yhdJ,b3262
EG10971,srlD,b2705
G7019,yecN,b1869
EG11381,glgS,b3049
G6677,xisR,b1346
G6752,ydcT,b1441
EG12016,yohC,b2135
G6514,torS,b0993
G6473,ycbJ,b0919
EG11270,ilvL,b3766
G7297,tmcA,b2474
EG10212,dcp,b1538
EG11299,rng,b3247
EG10380,glgP,b3428
G6676,intR,b1345
EG12142,sdaC,b2796
G0-10645,ymjD,b4673
EG10028,pflA,b0902
G7947,yjjQ,b4365
G7199,mnmC,b2324
EG10818,rbsK,b3752
EG11405,cydD,b0887
G7010,yebW,b1837
EG10379,glgC,b3430
G6599,stfE,b1157
G6656,ycjV,b1318
EG11851,yihY,b3886
EG10538,livH,b3457
G6469,ycaP,b0906
EG10502,ilvN,b3670
G7008,rsmF,b1835
EG10159,clpX,b0438
EG11191,slmA,b3641
EG10378,glgB,b3432
G6598,tfaP,b1155
EG10674,oppA,b1243
G0-10643,yoeI,b4678
G7579,cpdA,b3032
G7758,yhhY,b3441
G6732,hrpA,b1413
EG10817,rbsD,b3748
G7009,yebV,b1836
EG10377,glgA,b3429
G6597,ymfQ,b1153
G6574,lolD,b1117
EG11776,ybfF,b0686
G6508,gfcA,b0987
G6424,ybiU,b0821
EG10501,ilvM,b3769
G6675,ttcA,b1344
EG10156,clpA,b0882
EG11086,ftsL,b0083
G6530,pgaB,b1023
G6596,jayE,b1152
EG12141,ydhC,b1660
G0-10593,ydgU,b4601
G6991,tsaB,b1807
G7587,yqiI,b3048
G6581,rluE,b1135
EG10700,pfkB,b1723
EG11393,dsbB,b1185
G7006,yebS,b1833
G6529,pgaC,b1022
G6595,beeE,b1151
G6429,gsiA,b0829
EG11764,yibH,b3597
EG10530,lepB,b2568
G6385,ybgO,b0716
EG10500,ilvI,b0077
G6501,rlmI,b0967
G6207,yaiL,b0354
EG11069,xerC,b3811
G6528,pgaD,b1021
G6594,ymfR,b1150
EG10623,murG,b0090
G0-10511,yeiW,b4502
EG12121,rssB,b1235
G7558,gpr,b3001
G6488,rlmL,b0948
EG10699,pfkA,b3916
G6990,yeaY,b1806
EG12261,bcsQ,b3534
G6593,ymfN,b1149
G6423,ybiT,b0820
EG11744,pqqL,b1494
G6476,ssuC,b0934
G6371,ybfN,b0682
EG10499,ilvH,b0078
G6449,rlmC,b0859
EG12193,cbpA,b1000
EG11009,tolC,b3035
EG12260,bcsA,b3533
G6592,ymfM,b1148
EG12136,mdtD,b2077
G0-10456,yoeF,b4538
EG11652,degS,b3235
G7312,yfgD,b2495
G6416,rlmF,b0807
EG10616,mtlD,b3600
EG11392,nhaB,b1186
G6989,yeaX,b1803
EG12259,bcsB,b3532
G6591,ymfL,b1147
G6411,ybhF,b0794
EG11725,yieH,b3715
EG10526,lacY,b0343
G6354,ybeT,b0647
EG10496,ilvD,b3771
G6364,miaB,b0661
EG12048,yejK,b2186
EG11003,tig,b0436
EG11926,yjbH,b4029
G6590,ymfT,b1146
EG10622,murF,b0086
G0-10443,ymdF,b4518
EG11260,yifB,b3765
G7139,rcnB,b2107
G6245,queC,b0444
EG10577,melA,b4119
G6988,yeaW,b1802
EG11925,yjbG,b4028
G6589,ymfK,b1145
G6218,tauB,b0366
EG11571,yabI,b0065
G6466,ycaM,b0899
G6352,ybeR,b0645
EG10495,ilvC,b3774
G6238,thiI,b0423
EG11016,tpr,b1229
EG10955,prlF,b3129
EG11924,yjbF,b4027
G6588,ymfJ,b1144
EG12134,rhtA,b0813
G0-10441,cydX,b4515
G0-9941,sgrS,b4577
G7055,hchA,b1967
EG12876,tusE,b0969
EG10559,malM,b4037
EG11380,appC,b0978
G6982,yoaG,b1796
EG10609,mreC,b3250
G6587,ymfI,b1143
EG12903,yheS,b3352
EG11548,lhr,b1653
EG10522,kgtP,b2587
G6351,ybeQ,b0644
EG10494,ilvB,b3671
EG12609,rluA,b0058
EG11497,prmA,b3259
EG10935,sdiA,b1916
G6586,ymfH,b1142
EG10621,murE,b0085
G0-10438,ybdD,b4512
G0-9611,sokB,b4429
G6967,yeaE,b1781
EG12433,rluB,b1269
G6974,yoaI,b1788
EG10527,lacZ,b0344
G6585,xisE,b1141
EG12837,yhdZ,b3271
EG11542,tesA,b0494
G6464,ftsK,b0890
G6331,ybdN,b0602
EG10493,ilvA,b3772
EG12401,rlmN,b2517
G7511,ygfZ,b2898
EG10618,mukB,b0924
G6583,ymfE,b1138
EG12129,uraA,b2497
G0-10434,ykgO,b4506
G0-9608,rdlC,b4424
G6932,hxpB,b1727
EG12366,rsmE,b2946
EG11379,appB,b0979
G6963,ydjL,b1776
EG10524,lacA,b0342
G6582,ymfD,b1137
EG12801,mlaF,b3195
EG11540,wrbA,b1004
EG10521,kefC,b0047
G6325,ybdJ,b0580
EG11577,leuB,b0073
EG12234,rlmJ,b3499
G7311,bepA,b2494
EG10600,groS,b4142
G6317,tfaX,b0563
EG10620,murD,b0088
EG12881,yfaH,b2238
G0-9606,rdlB,b4422
G6890,nemA,b1650
EG12233,rsmJ,b3497
G6961,ydjJ,b1774
EG10381,glgX,b3431
G6316,ybcY,b0562
EG12663,gltL,b0652
EG11488,mliC,b1639
G6462,macB,b0879
G6216,yaiS,b0364
EG11576,leuC,b0072
EG12216,tusA,b3470
G7307,hyfJ,b2490
EG10599,groL,b4143
G6315,tfaD,b0561
EG12128,lgt,b2828
EG12874,yajI,b0412
G0-9603,rdlA,b4420
G6886,sodC,b1646
EG12207,rlmA,b1822
EG11377,plsC,b3018
G6960,ydjI,b1773
EG10355,fucU,b2804
G6314,ybcW,b0559
EG12628,dppF,b3540
EG11472,rmuC,b3832
EG10516,kdpD,b0695
G6194,yahO,b0329
EG11575,leuD,b0071
EG12163,rsmB,b3289
G6973,yeaK,b1787
EG10347,ftsZ,b0095
G6313,ybcV,b0558
EG10619,murC,b0091
EG12851,ybeL,b0643
G0-9581,sokC,b4413
G6878,gstA,b1635
EG12098,rluD,b2594
G6959,ydjH,b1772
EG10350,fucK,b2803
G6312,borD,b0557
EG12627,dppD,b3541
EG11465,yigG,b3818
G6461,macA,b0878
G6191,yahL,b0326
EG11280,leuL,b0075
EG12044,rsuA,b2183
G6339,citG,b0613
EG10342,ftsQ,b0093
G6311,rzpD,b0556
EG12127,treB,b4240
EG12843,ybaN,b0468
G0-9042,rdlD,b4454
G6811,sad,b1525
EG12022,dusC,b2140
EG11371,pgpC,b2560
G6953,ynjF,b1758
EG10349,fucI,b2802
G6310,rrrD,b0555
EG12518,ytfR,b4485
EG11445,argK,b2918
EG10515,kdpC,b0696
G6081,yaaX,b0005
EG11226,leuA,b0074
EG11932,dusA,b4049
EG11882,yiiX,b3937
EG10340,ftsE,b3463
G6309,essD,b0554
EG10606,mrdA,b0635
EG12710,yedJ,b1962
G0-8901,micC,b4427
G6806,tam,b1519
EG11921,rluF,b4022
EG10348,fucA,b2800
G6947,ydjZ,b1752
G7932,yjiM,b4335
G6307,ybcQ,b0551
EG12358,ssuB,b0933
EG11436,ahr,b4269
G6440,mdfA,b0842
G0-16640,ytiA,b4715
EG11040,tyrB,b4054
EG11888,trmL,b3606
EG10237,dnaC,b4361
G7928,kptA,b4331
G6306,rusA,b0550
EG12125,hisQ,b2308
EG12708,ybcI,b0527
G0-8899,mcaS,b4426
G6660,tpx,b1324
EG11794,rlmM,b2806
EG10282,fbaA,b2925
EG11370,ubiA,b4040
G6946,ydjY,b1751
G7914,sgcE,b4301
G6305,ybcO,b0549
EG12347,tcyN,b1917
EG11400,yhiD,b3508
EG10514,kdpB,b0697
G0-10583,ykfM,b4586
EG10497,ilvE,b3770
EG11779,trmI,b2960
EG10013,mepM,b1856
G7911,yjhH,b4298
G6304,ninE,b0548
EG10605,mrcB,b0149
EG12704,yggM,b2956
G0-8878,cyaR,b4438
G6487,ycbX,b0947
EG11768,selU,b0503
G7860,ulaF,b4198
G6935,ydjO,b1730
EG10253,ebgC,b3077
G6303,ybcN,b0547
EG12320,yadG,b0127
EG11345,hflD,b1132
G6439,ybjG,b0841
EG12868,yciN,b1273
EG11234,ydiB,b1692
EG11757,tsaE,b4168
G7688,aaeR,b3243
G7859,ulaE,b4197
G6302,ybcM,b0546
EG12102,feoB,b3409
EG12391,ydiE,b1705
G0-8873,glmZ,b4456
G6438,gstB,b0838
EG11538,yfiC,b2575
G7553,yghU,b2989
EG11367,barA,b2786
G6931,yniB,b1726
EG10252,ebgA,b3076
G6301,ybcL,b0545
EG12305,sapF,b1290
EG11293,lolB,b1209
EG10513,kdpA,b0698
EG12865,ydcH,b1426
EG10082,aroL,b0388
EG11507,rlmE,b3179
G7430,casA,b2760
G7517,scpC,b2920
G6300,ybcK,b0544
EG10604,mraY,b0087
EG12379,yecE,b1868
G0-8872,ryhB,b4451
G6208,frmB,b0355
EG11503,trmO,b0195
EG10144,chbF,b1734
G6930,yniA,b1725
G7516,scpB,b2919
G6298,renD,b0542
EG12304,sapD,b1291
EG11267,yiaB,b3563
G6432,gsiD,b0832
EG12857,yfiM,b2586
EG10081,aroK,b3390
EG11372,tadA,b2559
G7429,casB,b2759
G7493,yqeA,b2874
G6295,ybcC,b0539
EG12095,secG,b3175
EG12375,ycaI,b0913
G0-8866,micA,b4442
G6157,paoA,b0286
EG11362,gluQ,b0144
EG10114,bglB,b3721
EG11359,gspO,b3335
G6913,ydiJ,b1687
G7419,ygbL,b2738
G6152,intF,b0281
EG12275,xylG,b3567
EG11261,nfsA,b0851
EG10479,hycF,b2720
EG12842,ybjC,b0850
EG10078,aroF,b2601
EG11344,mnmA,b1133
G7428,casC,b2758
G7234,yfdE,b2371
G6151,yagN,b0280
EG10580,mepA,b2328
EG12373,ppnN,b2795
G0-8863,rprA,b4431
G6156,paoB,b0285
EG11311,dusB,b3260
G7946,yjjP,b4364
EG10085,ascB,b2716
G6911,ydiH,b1685
G7195,folX,b2303
G6150,yagM,b0279
EG12079,nikE,b3480
EG11195,yidA,b3697
G6418,opgE,b0815
EG12605,yacL,b0119
EG10077,aroE,b3281
EG11254,rlmH,b0636
G7427,casD,b2757
G6661,ycjG,b1325
G6149,yagL,b0278
EG12093,nuoN,b2276
EG12365,prkB,b3355
G0-10677,fnrS,b4699
G6155,paoC,b0284
EG11247,rlmD,b2785
EG10055,araD,b0061
G6163,ecpB,b0292
EG11354,emrA,b2685
G6902,ydhY,b1674
G6343,citD,b0617
G6148,yagK,b0277
EG12078,nikD,b3479
EG11164,ygiB,b3037
EG10477,hycD,b2722
EG12448,ybcH,b0567
EG10076,aroD,b1693
EG11177,truB,b3166
G7426,casE,b2756
G6342,citE,b0616
G6147,yagJ,b0276
EG10544,lpp,b1677
EG12342,yjjJ,b4385
G0-10671,mgrR,b4698
EG12600,yjjX,b4394
EG11171,tsaD,b3064
G7933,yjiN,b4336
EG10053,araB,b0063
G6901,ydhV,b1673
G6341,citF,b0615
G6144,yagI,b0272
EG12059,ccmA,b2201
EG11133,nlpC,b1708
G6410,ybhS,b0793
EG12443,yggL,b2959
EG10075,aroC,b2329
EG11118,rluC,b1086
G7425,cas1,b2755
G6277,hyi,b0508
G6143,yagH,b0271
EG12092,nuoL,b2278
EG12336,yaeH,b0163
G0-10202,istR-1,
EG12450,norW,b2711
EG11085,rsmH,b0082
EG10052,araA,b0062
G6162,ecpC,b0291
EG11343,mdtG,b1053
G6899,ydhX,b1671
EG12361,kduD,b2842
G6141,yagF,b0269
EG12041,yejF,b2180
EG11121,yciA,b1253
EG10476,hycC,b2723
EG12422,ybiJ,b0802
EG10074,aroB,b3389
EG11023,trmD,b2607
G6805,lsrG,b1518
G6548,csgC,b1043
EG12319,|can|,b0126
G6140,yagE,b0268
EG10341,ftsI,b0084
EG12329,hrpB,b0148
EG30098,spf,b3864
EG12318,cueO,b0123
EG11022,trmA,b3965
G7889,lptG,b4262
EG10016,garL,b3126
G6898,ydhU,b1670
EG12285,sgbH,b3581
G6136,mmuM,b0261
EG12010,yehX,b2129
EG11110,ybgC,b0736
G6409,ybhR,b0792
EG12421,ybiI,b0803
EG10073,aroA,b0908
EG10996,tgt,b0406
EG12323,rpnE,b2244
G6557,bssS,b1060
G0-9121,yoeB,b4539
EG11844,yihR,b3879
G6135,mmuP,b0260
EG12091,nuoK,b2279
G7885,rraB,b4255
EG12237,arsC,b3503
EG10967,trmH,b3651
M011,mhpB,b0348
G6161,ecpD,b0290
EG11337,lysP,b2156
G6896,ydhS,b1668
EG11843,yihQ,b3878
G6133,ykfC,b0258
EG11959,alsA,b4087
EG10951,ytjB,b4387
EG12309,yjtD,b4403
EG10470,hyaC,b0974
EG12395,ybgE,b0735
EG11286,argE,b3957
EG10862,rnpA,b3704
G6436,bssR,b0836
EG12845,cas2,b2754
EG11444,scpA,b2917
G6130,insN-1,b0255
EG10214,ddlB,b0092
G7610,mzrA,b3096
EG12137,nlpE,b0192
EG10858,rnd,b1804
G7888,lptF,b4261
G7213,fadI,b2342
G6887,ydhF,b1647
EG11032,trxB,b0888
G6129,perR,b0254
EG11680,lptB,b3201
EG10941,selA,b3591
G6404,ybhM,b0787
EG12374,yhfG,b3362
EG11223,argH,b3960
EG10812,queA,b0405
EG12844,yefM,b2017
EG10456,hmp,b2552
G6128,ykfA,b0253
EG12090,nuoJ,b2280
EG12291,yiaW,b3587
G7063,mtfA,b1976
EG12115,yjjG,b4374
EG10690,pcnB,b0143
G7212,fadJ,b2341
G6883,ydhI,b1643
EG11330,gabP,b2663
G6160,ecpE,b0289
EG10425,hdhA,b1619
G6127,yafZ,b0252
EG11677,modF,b0760
EG10854,rlpA,b0633
EG12225,yhiJ,b3488
EG10462,htpX,b1829
EG10069,argI,b4254
EG10523,rsmA,b0051
EG12634,cas3,b2761
G7093,galF,b2042
G6125,ykfB,b0250
EG12280,yiaL,b3576
EG10213,ddlA,b0381
G6925,ydiV,b1707
EG12108,norR,b2709
EG10454,truA,b2318
G7849,yjfL,b4184
G6244,fadM,b0443
G6856,ydgD,b1598
EG11789,gmm,b2051
G6124,ykfF,b0249
EG11657,ybbA,b0495
EG10849,rhsD,b0497
G6400,ybhI,b0770
EG12201,ygaC,b2671
EG10068,argG,b3172
EG10376,rsmG,b3740
EG11933,pspG,b4050
EG11428,sthA,b3962
G6123,yafX,b0248
EG12088,nuoH,b2282
EG12273,yiaF,b3554
G6603,bluF,b1163
EG12026,yeiG,b2154
EG10375,mnmG,b3741
G6200,prpE,b0335
EG11327,codB,b0336
G6816,ydfI,b1542
EG11735,efeB,b1019
EG11060,ushA,b0480
G6122,ykfG,b0247
EG11630,potG,b0855
EG10847,rhsB,b3482
EG10406,gltS,b3653
EG12171,yjjI,b4380
EG10065,argC,b3958
EG10343,rsmD,b3465
EG10668,ogt,b1335
EG11489,csgA,b1042
G7677,nanE,b3223
G6121,yafW,b0246
EG10206,dapB,b0031
EG12269,yhjY,b3548
G0-8910,glmY,b4441
EG11969,zntR,b3292
EG10136,cca,b3056
G7840,mscM,b4159
G6199,prpD,b0334
G6815,ydfZ,b1541
G7676,nanK,b3222
G6120,ykfI,b0245
EG11624,artP,b0864
EG10846,rhsA,b3593
G6393,zitB,b0752
EG12119,ychJ,b1233
EG10064,argB,b3959
G7842,orn,b4162
EG10612,mrr,b4351
EG11252,mukE,b0923
EG10637,nanA,b3225
G0-9621,torI,b4501
EG12082,nuoA,b2288
EG12263,bcsE,b3536
G0-8867,gcvB,b4443
EG11870,yiiM,b3910
G7830,ghoS,b4128
G6198,prpC,b0333
EG11313,rhaT,b3907
G6796,yneL,b1506
G7903,yjhE,b4282
EG10633,nagB,b0678
G0-10584,ylcH,b4588
EG11621,metN,b0199
EG10780,pspE,b1308
EG10405,gltP,b4077
EG12042,yejG,b2181
EG10063,argA,b2818
G7629,yhaV,b3130
EG10460,hsdS,b4348
EG11250,chpS,b4224
EG10632,nagA,b0677
G0-10452,ynfO,b4533
G7459,rppH,b2830
EG10202,dacB,b3182
EG12262,yhjR,b3535
G0-8785,csrB,b4408
EG11852,dtd,b3887
G7175,rbn,b2268
G7808,tatB,b3838
G6196,prpB,b0331
G6795,ydeT,b1505
EG10095,aspA,b4139
G0-10449,rzoR,b4528
G0-10451,hicA,b4532
EG11572,thiQ,b0066
EG10412,gor,b3500
G6384,abrB,b0715
EG11999,yehM,b2120
EG10769,proC,b0386
EG30069,rnpB,b3123
EG10458,hsdM,b4349
EG11244,yggE,b2922
G6842,speG,b1584
G0-10436,rzoD,b4510
EG11620,rnb,b1286
EG12077,nikC,b3478
EG12256,pdeK,b3529
G0-16649,cpxQ,b4716
EG11847,yihU,b3882
EG11547,rnt,b1652
G6105,fadE,b0221
EG11305,tatE,b0627
G6792,ydeQ,b1502
G7822,phnE_2,b4103
EG12882,gss,b2988
G0-10435,ylcG,b4509
EG11259,rnr,b4179
EG11048,ugpC,b3450
EG10397,glpG,b3424
EG10401,glpT,b2240
EG11991,yehE,b2112
EG10768,proB,b0242
EG10863,rph,b3643
EG10211,dcm,b1961
G7656,obgE,b3183
EG10963,speE,b0121
EG31115,dicF,b1574
EG10861,rnhB,b0183
EG10125,bolA,b0435
EG12251,yhjG,b3524
G0-10617,sgrT,b4662
EG11758,yjeF,b4167
EG10860,rnhA,b0214
G7806,tatA,b3836
EG12432,ydiF,b1694
G6785,yddW,b1491
EG10962,speD,b0120
EG12877,ycfK,b1154
EG10859,rne,b1084
EG10814,rbsA,b3749
EG10395,glpE,b3425
G6378,dtpD,b0709
EG11931,yjbM,b4048
EG10767,proA,b0243
EG10857,rnc,b2567
EG10204,dam,b3387
EG12780,diaA,b3149
EG10961,speC,b2965
EG12370,intE,b1140
EG10856,rna,b0611
EG12076,nikB,b3477
EG12212,yhhL,b3466
G0-10580,uof,b4637
EG11723,yieF,b3713
EG10844,rhlB,b3780
EG12357,fadK,b1701
G7798,yifN,b3777
EG11283,phnE_1,b4104
G6773,yddL,b1472
EG10960,speB,b2937
EG12364,intB,b4271
EG10743,pnp,b3164
EG10783,pstB,b3725
EG10307,fic,b3361
EG10396,glpF,b3927
EG11903,yijF,b3944
EG10096,aspC,b0928
G7991,cysT,b1910
G7189,yfbV,b2295
EG11210,crfC,b4109
EG10959,speA,b2938
EG12344,pspF,b1303
G7387,ileY,b2652
EG10041,ampD,b0110
EG12159,ppnP,b0391
EG12146,rapZ,b3205
EG11648,dkgB,b0207
G7069,asnW,b1984
G7753,yhgN,b3434
EG11670,atoA,b2222
G6772,yddK,b1471
EG11417,nrdD,b4238
EG12339,yagB,b0266
G7021,cmoB,b1871
EG10749,potA,b1126
EG10266,acrE,b3265
G6361,ybeX,b0658
EG11876,yiiS,b3922
EG10092,asnB,b0674
G7020,cmoA,b1870
EG11111,cspD,b0880
EG11203,yihA,b3865
EG10626,mutT,b0099
EG12338,yagA,b0267
G6392,lysQ,b0749
EG12070,yojI,b2211
EG12139,qseG,b2555
EG12096,chpB,b4225
EG11421,cynR,b0338
G6391,lysZ,b0748
EG11669,atoD,b2221
G7760,yrhA,b3443
EG11282,hyfB,b2482
G6771,yddJ,b1470
G6862,folM,b1606
EG12205,cspF,b1558
G6390,lysY,b0747
EG10592,mglA,b2149
EG10218,dedD,b2314
EG10393,glpC,b2243
EG11830,yihD,b3858
EG10091,asnA,b3744
G6389,valZ,b0746
EG10596,minC,b1176
EG11819,purU,b1232
EG12203,cspB,b1557
EG31117,metW,b2815
EG10040,ampC,b4150
EG12110,ydcF,b1414
EG11879,rraA,b3929
EG11385,ahpF,b0606
EG30114,valY,b2403
G7705,gspF,b3327
EG10279,fadB,b3846
G6768,yncM,b1459
EG11810,gcvP,b2903
EG12155,kilR,b1352
EG30113,valX,b2402
EG10558,malK,b4035
EG10015,rodZ,b2516
G6347,dcuC,b0621
EG11807,yebF,b1847
EG10998,thrA,b0002
EG30112,valW,b1666
EG10270,era,b2566
EG11442,gcvT,b2905
EG12154,sieB,b1353
EG30111,valV,b1665
EG12058,ccmB,b2200
EG12106,hofB,b0107
EG11730,viaA,b3745
EG11384,ahpC,b0605
EG30110,valU,b2401
EG10278,fadA,b3845
G7536,yghE,b2969
EG11266,waaH,b3615
G6767,yncI,b1458
EG10585,metF,b3941
EG12117,ompX,b0814
EG30109,valT,b0744
EG10537,livG,b3455
G0-10466,yheV,b4551
EG10392,glpB,b2242
EG11793,ygdD,b2807
EG10590,metL,b3940
EG30108,tyrV,b1230
EG10510,rpoS,b2741
G7572,mqsR,b3022
EG10543,lpd,b0116
EG12112,alpA,b2624
EG30107,tyrU,b3977
G7800,rffT,b4481
EG12097,pgeF,b2593
EG10983,suhB,b2533
EG11310,ydbD,b1407
EG30106,tyrT,b1231
G7686,aaeA,b3241
G7624,tdcG,b4471
G6766,yncH,b1455
EG10408,glyA,b2551
EG11901,ydaC,b1347
EG30105,trpT,b3761
EG10536,livF,b3454
G0-10462,ypeB,b4546
G6345,dpiB,b0619
EG11763,yibG,b3596
EG10550,lysC,b4024
G7563,yqhC,b3010
G7354,yfiR,b2603
EG10371,gcvH,b2904
EG11900,ralR,b1348
EG30104,thrW,b0244
EG12057,ccmC,b2199
EG12043,yejL,b2187
EG10018,csrD,b3252
EG10958,soxS,b4062
G6943,astA,b1747
G7478,ygeN,b2858
EG11262,tsgA,b3364
G6765,yncG,b1454
EG10328,folD,b0529
EG11899,recT,b1349
EG30103,thrV,b3273
EG10389,glnQ,b0809
G0-10455,yecJ,b4537
EG10391,glpA,b2241
EG11749,yadE,b0130
EG10549,lysA,b2838
G7488,ygeV,b2869
G7049,dgcQ,b1956
EG10327,folC,b2315
EG11783,intA,b2622
EG30102,thrU,b3976
G7241,lpxP,b2378
EG12021,yohH,b2139
EG10957,soxR,b4063
G7685,aaeB,b3240
G6942,astD,b1746
G6760,curA,b1449
EG10326,folA,b0048
EG11740,nfrA,b0568
EG30101,thrT,b3979
EG10152,modC,b0765
G0-10450,ydbJ,b4529
G6338,citT,b0612
EG11696,yidH,b3676
EG10209,dapF,b3809
G7475,ygeK,b2855
G6972,dgcJ,b1786
EG12073,ftp,b2214
EG11739,nfrB,b0569
EG30097,serX,b1032
EG12054,ccmF,b2196
EG12005,yehS,b2124
EG10954,sodB,b1656
G6941,astB,b1745
G7474,pbl,b2854
EG11258,focA,b0904
G6757,ydcY,b1446
EG11653,cyaY,b3807
EG11635,nohB,b0560
EG30096,serW,b0883
EG10128,btuD,b1709
G0-10475,ytjA,b4568
EG10388,glnP,b0810
EG11695,yidG,b3675
EG10208,dapE,b2472
G7245,ypdC,b2382
G6971,cdgI,b1785
EG10023,aceB,b4014
EG11634,nohA,b1548
EG30095,serV,b2695
G7090,wzzB,b2027
EG11998,yehL,b2119
EG10953,sodA,b3908
G7679,dcuD,b3227
G6940,astE,b1744
G6747,yncJ,b1436
EG10022,aceA,b4015
EG11304,ydfE,b1577
EG30094,serU,b1975
EG10058,araG,b1900
G0-10467,ysaB,b4553
G6323,ybdG,b0577
EG11662,yedK,b1931
EG10207,dapD,b0166
G6789,ydeO,b1499
G6776,bdm,b1481
EG10589,metK,b2942
EG11303,ydfD,b1576
EG30093,serT,b0971
EG12053,ccmG,b2195
EG11995,yehI,b2118
EG10628,fpr,b3924
EG12407,iaaA,b0828
G7383,pinH,b2648
EG11257,dgcC,b0385
G6746,ydcP,b1435
G6278,glxR,b0509
EG11302,ydfC,b1573
EG30092,selC,b3658
EG12800,mlaE,b3194
G0-10463,ypfN,b4547
EG10369,gcd,b0124
EG11661,yedF,b1930
EG10205,dapA,b2478
G6494,sxy,b0959
G6623,ycgR,b1194
EG20080,glcB,b2976
EG11301,ydfB,b1572
EG30068,proM,b3799
G7047,dsrA,b1954
EG11970,yhdN,b3293
EG10511,katG,b3942
G7664,lptC,b3199
EG11623,sdaB,b2797
G6743,insQ,b1432
EG10256,eda,b1850
EG11300,ydfA,b1571
EG30067,proL,b2189
G7665,lptA,b3200
G0-10458,yehK,b4541
G6280,ybbW,b0511
EG11660,yedE,b1929
EG10088,asd,b3433
G6319,cusR,b0571
G6532,dgcT,b1025
EG10025,aceF,b0115
EG11130,hokD,b1562
EG30066,proK,b3545
EG12052,ccmH,b2194
EG11964,yibL,b3602
EG10509,katE,b1732
EG11407,dadA,b1189
G7222,tfaS,b2353
EG11242,ycaD,b0898
G6741,ydcK,b1428
EG10024,aceE,b0114
EG11129,rem,b1561
EG30065,pheV,b2967
G7659,mlaC,b3192
G0-10453,yniD,b4535
EG10352,fucP,b2801
EG11659,yedD,b1928
EG10066,argD,b3359
G6274,allS,b0504
EG12880,dgcN,b2604
EG12608,caiE,b0035
EG11120,tfaE,b1156
EG30064,pheU,b4134
EG12666,lpxH,b0524
EG11951,yjcO,b4078
G7715,yheO,b3346
EG10175,cynS,b0340
G7655,yhbX,b3173
EG11276,tnaC,b3707
G6736,mokB,b1420
EG11565,fixX,b0044
EG11020,trkG,b1363
EG30062,metZ,b2814
G7570,ygiS,b3020
G0-10605,yibV,b4615
G6267,fetB,b0491
EG11650,yafD,b0209
EG11000,thrC,b0004
G6175,rclR,b0305
EG12403,chaC,b1218
EG11564,fixC,b0043
EG11011,tolR,b0738
EG30061,metY,b3171
EG12040,yejE,b2179
EG11943,yjcH,b4068
G7689,tldD,b3244
EG10108,bcp,b2480
EG11241,ycaC,b0897
G7120,yegZ,b2083
EG11233,rstB,b1609
G6730,ynbD,b1411
EG11560,caiA,b0039
EG10898,rpoN,b3202
EG30060,metV,b2816
G7342,yphF,b2548
G0-10469,yicS,b4555
EG10346,ftsY,b3464
EG11607,yciI,b1251
EG10999,thrB,b0003
EG12246,yhjB,b3520
EG12396,dgcE,b2067
EG11559,caiB,b0038
EG10827,recE,b1350
EG30059,metU,b0666
EG12412,rfbB,b2041
EG11941,yjcF,b4066
G7571,mqsA,b3021
EG10020,cpxR,b3912
G7642,lpoA,b3147
EG11005,tnaA,b3708
G6729,ynbC,b1410
EG11557,caiD,b0036
EG10813,racC,b1351
EG30058,metT,b0673
G7039,tcyJ,b1920
G0-10464,ypjJ,b4548
G6265,qmcA,b0489
EG11537,yceH,b1067
EG10587,metH,b4019
EG12243,gadX,b3516
EG12252,pdeH,b3525
G7565,dkgA,b3012
EG10779,pspD,b1307
EG30057,lysW,b0745
EG12038,yejB,b2178
EG11938,pdeC,b4061
G7467,yqeI,b2847
G7358,ratA,b2619
EG10964,speF,b0693
G7044,intG,b1936
EG11229,fdnI,b1476
G6704,ynbE,b1382
G6958,ydjG,b1771
EG10778,pspC,b1306
EG30056,lysV,b2404
G7017,znuA,b1857
G0-10459,yohO,b4542
EG10345,ftsX,b3462
EG11464,yigF,b3817
EG10584,metE,b3829
EG12190,eutR,b2437
EG12002,yehP,b2121
G6891,gloA,b1651
EG10777,pspB,b1305
EG30055,lysT,b0743
EG12411,rfbD,b2040
EG11937,yjcB,b4060
G6444,rcdA,b0846
G6882,slyA,b1642
G7618,yhaI,b3104
EG10930,sdaA,b1814
G6703,ydbH,b1381
G6497,mgsA,b0963
EG10776,pspA,b1304
EG30054,leuZ,b1909
G6803,lsrB,b1516
G0-10454,yobH,b4536
G6262,ybaT,b0486
EG11323,ygfB,b2909
EG10583,metC,b3008
EG12105,yeiE,b2157
EG11643,dgcZ,b1535
G6475,gloC,b0927
EG10737,pinE,b1158
EG30053,leuX,b4270
EG12034,setB,b2170
EG11936,yjbR,b4057
G6337,rnk,b0610
G6619,hlyE,b1182
EG10249,dsdA,b2366
G6632,ychG_1,b1240
EG11228,fdnH,b1475
G6702,hslJ,b1379
G6099,gloB,b0212
EG10684,pal,b0741
EG30052,leuW,b0672
G6781,ddpA,b1487
G0-10606,yjbT,b4620
EG10344,ftsW,b0089
EG11287,ygbA,b2732
EG10581,metA,b4013
EG12031,yeiL,b2163
EG11447,csrA,b2696
EG10035,aldA,b1415
EG10673,ompT,b0565
EG30051,leuV,b4368
EG12274,wecH,b3561
EG11935,yjbQ,b4056
G6273,ylbG,b0502
G6117,yafO,b0233
G7617,yhaH,b3103
EG10046,ansB,b2957
G6663,ycjY,b1327
G7545,glcD,b2979
EG10659,nmpC,b0553
EG30050,leuU,b3174
G6751,ydcS,b1440
G0-10432,ykfH,b4504
G6260,copA,b0484
EG11155,ygdB,b2824
EG11913,yijO,b3954
EG10554,malE,b4034
G7544,glcE,b4468
EG10573,mcrA,b1159
EG30049,leuT,b3798
EG12032,psuT,b2164
EG11927,yjbI,b4038
EG12191,glnK,b0450
G6110,dinJ,b0226
EG10045,ansA,b1767
G6535,ymdE,b1028
EG11225,dcuA,b4138
G6659,ycjX,b1321
G6283,glxK,b0514
EG10535,lit,b1139
EG30048,leuQ,b4370
G6648,ycjN,b1310
G0-10474,yjjZ,b4567
EG10339,ftsA,b0094
EG11142,yfaA,b2230
EG11707,yidL,b3680
EG10151,cheZ,b1881
G0-8601,glcF,b4467
EG10528,lamB,b4036
EG30047,leuP,b4369
EG12210,waaF,b3620
EG11922,yjbD,b4023
EG11733,yieP,b3755
G6109,yafQ,b0225
G7609,yqjA,b3095
G7291,eutP,b2461
G6654,ycjT,b1316
EG11583,gcl,b0507
EG10507,intD,b0537
EG30046,ileX,b3069
G6478,ssuA,b0936
G6256,fsr,b0479
EG11136,yebB,b1862
EG11140,uvrY,b1914
EG10150,cheY,b1882
EG10351,fucO,b2799
EG10438,hfq,b4172
EG30045,ileV,b0202
EG12029,nupX,b2161
EG11917,yjaH,b4001
EG11731,ravA,b3746
G0-9613,hokA,b4455
G7290,eutQ,b2460
G6376,ybfO,b0703
EG11197,yidC,b3705
G6652,ycjR,b1314
G7259,pdxK,b2418
EG10436,hflK,b4174
EG30044,ileU,b3277
G6430,gsiB,b0830
EG10336,fruA,b2167
EG11127,yciG,b1259
EG10972,gutM,b2706
EG10149,cheW,b1887
G6879,pdxY,b1636
EG10435,hflC,b4175
EG30043,ileT,b3852
EG11982,wbbH,b2035
EG11916,yjaG,b3999
EG11554,stpA,b2669
G0-9610,hokB,b4428
G7595,aer,b3072
G7289,eutT,b2459
G6651,ycjQ,b1313
EG11487,pdxH,b1638
EG10416,grpE,b2614
EG30042,hisR,b3797
G6359,gltI,b0655
G6255,mscK,b0465
EG11117,yceB,b1063
EG10839,rfaH,b3842
EG10148,cheR,b1884
EG11448,acs,b4069
EG10280,fadL,b2344
EG30041,glyY,b4165
EG12020,mdtQ,b2138
EG11894,yeeD,b2012
EG11512,satP,b0010
G0-9607,ldrC,b4423
G7285,eutE,b2455
G6348,ybeM_2,b0626
EG11194,xanP,b3654
G6642,ymjA,b1295
M004,rpe,b3386
EG10228,dicC,b1569
EG30040,glyX,b4164
G6217,tauA,b0365
EG10333,frdD,b4151
G7951,yjjU,b4377
EG10656,sfsB,b3188
EG10147,cheB,b1883
EG12100,tktB,b2465
EG10227,dicB,b1575
EG30039,glyW,b1911
EG11981,glf,b2036
EG11874,yiiQ,b3920
EG11431,yfeC,b2398
G0-9605,ldrB,b4421
G7586,yqiH,b3047
G7283,eutG,b2453
G6640,yciW,b1287
EG11797,talA,b2464
EG10226,dicA,b1570
EG30038,glyV,b4163
G2002,sapA,b1294
G6248,mdlA,b0448
G7941,yjiX,b4353
G8207,gatR_1,b2087
EG10146,cheA,b1888
EG11556,talB,b0008
EG10126,btuB,b3966
EG30037,glyU,b2864
EG12017,yohD,b2136
EG11860,yiiG,b3896
EG11356,fliZ,b1921
G0-9602,ldrA,b4419
G7271,eutL,b2439
G6119,ykfJ,b0235
EG11186,yiaA,b3562
G6636,yciQ,b1268
EG11443,rpiA,b2914
EG10067,argF,b0273
EG30036,glyT,b3978
EG20252,xylF,b3566
EG10332,frdC,b4152
G7938,yjiT,b4342
G7936,yjiR,b4340
G7934,rpnD,b4338
EG11427,tktA,b2935
EG10050,appY,b0564
EG30035,gltW,b2590
EG11980,rfbX,b2037
EG11855,yiiF,b3890
EG11208,arpA,b4017
G0-9563,hokC,b4412
G7559,yqhA,b3002
G7270,eutK,b2438
G6631,ychS,b1228
G7627,tdcE,b3114
G7832,fxsA,b4140
EG30034,gltV,b4008
EG12799,mlaD,b3193
G6242,ppiD,b0441
G7930,yjiK,b4333
G7924,hypT,b4327
G7935,yjiQ,b4339
EG20173,pta,b2297
EG11892,sbmC,b2009
EG30033,gltU,b3757
EG12011,yehY,b2130
EG11839,yihM,b3873
EG11162,fumE,b2929
G0-9041,ldrD,b4453
G6646,puuE,b1302
G6114,lafU,b0230
EG11183,damX,b3388
G6625,ycgY,b1196
EG13139,tynA,b1386
EG11506,ftsH,b3178
EG30032,gltT,b3969
EG12517,ytfQ,b4227
EG10303,fhuB,b0153
G7887,yjgN,b4257
G7912,yjhI,b4299
G7528,yggT,b2952
EG11172,tdcD,b3115
EG10603,mprA,b2684
EG30031,glnX,b0664
EG11979,rfbC,b2038
EG11832,yihF,b3861
EG10949,sfsA,b0146
EG12165,mukF,b0922
G7549,yghQ,b2983
G6645,puuD,b1298
G6617,ycgM,b1180
EG10993,tdh,b3616
EG10542,lon,b0439
EG30030,glnW,b0668
EG12458,alsB,b4088
G6241,yajR,b0427
G7876,ytfP,b4222
G7854,ulaR,b4191
G7395,kbp,b2665
EG10990,tdcB,b3117
G7908,insA-7,b4294
EG30029,glnV,b0665
EG12009,yehW,b2128
EG11825,yddE,b1464
EG10735,phoU,b3724
EG11131,relE,b1563
G6644,puuA,b1297
G6113,lfhA,b0229
EG11180,mscL,b3291
G6614,ycgJ,b1177
EG10582,metB,b3939
G7906,insO-2,b4285
EG30028,glnU,b0670
EG12427,modA,b0763
EG10298,fepG,b0589
G7872,ytfK,b4217
G7727,frlR,b3375
G6417,ybiO,b0808
EG10512,kbl,b3617
G7905,insI-3,b4284
EG30025,aspV,b0216
EG11978,rfbA,b2039
EG11806,yebE,b1846
G0-10592,rydC,b4597
EG10836,relB,b1564
G7542,glcA,b2975
EG50007,eutC,b2440
G6613,ycgI,b1173
EG10027,ackA,b2296
G7904,insN-2,b4283
EG30024,aspU,b0206
EG12334,btuF,b0158
G6233,proY,b0402
G7871,ytfJ,b4216
G7630,agaR,b3131
G0-9562,ecnB,b4411
EG11329,gabD,b2661
G7900,insG,b4278
EG30023,aspT,b3760
EG11971,nupC,b2393
EG11780,ydeK,b1510
EG10741,pmbA,b4235
EG50006,eutB,b2441
G0-16679,insI2,b4708
EG11160,mscS,b2924
G6611,ymgD,b1171
EG10361,gabT,b2662
G7895,insD-6,b4273
EG30022,asnV,b1989
EG12075,nikA,b3476
EG10297,fepE,b0587
G7864,ytfB,b4206
G7619,yhaJ,b3105
G0-41,ecnA,b4410
G85,xapA,b2407
G7894,insC-6,b4272
EG30021,asnU,b1986
EG11923,yjbE,b4026
EG11766,yibJ,b3595
EG10439,hha,b0460
G7533,mltC,b2963
EG11822,puuB,b1301
G6607,ymgC,b1167
G6358,rihA,b0651
G7777,insK,b3558
EG30020,asnT,b1977
EG12037,yejA,b2177
G6227,yaiW,b0378
G7850,yjfM,b4185
G7518,ygfI,b2921
EG12866,proQ,b1831
EG20257,nrdE,b2675
G7776,insJ,b3557
EG30019,argZ,b2692
EG11961,lldP,b3603
EG11743,yddB,b1495
EG10373,mokC,b0018
EG11558,caiC,b0037
G0-16676,yrdF,b4697
EG11141,yedA,b1959
G6605,ymgA,b1165
EG20098,hpt,b0125
G7769,insH-11,b3505
EG30018,argY,b2693
EG12012,osmF,b2131
EG10296,fepD,b0590
G7848,yjfK,b4183
G7416,ygbI,b2735
EG12202,treR,b4241
EG12381,nrdF,b2676
G7762,insB-6,b3445
EG30017,argX,b3796
EG11553,glmM,b3176
EG11722,yieE,b3712
G7233,emrK,b2368
G7507,uacT,b2888
EG10036,puuC,b1300
G6604,ycgZ,b1164
EG12302,tmk,b1098
G7761,insA-6,b3444
EG30016,argW,b2348
EG11629,potF,b0854
G6219,tauC,b0367
G7846,yjfI,b4181
G7257,yfeR,b2409
EG11885,opgG,b1048
EG12030,rihB,b2162
G7672,insH-10,b3218
EG30015,argV,b2694
EG11958,alsC,b4086
EG11719,yidX,b3696
G7948,bglJ,b4366
G7172,pmrD,b2259
G7855,ulaG,b4192
G0-16674,ykgS,b4688
EG11123,yciC,b1255
G6601,ycgX,b1161
EG11934,aphA,b4055
G7584,insD-5,b3045
EG30014,argU,b0536
EG11628,artJ,b0860
EG10289,fecD,b4288
G7844,yjeT,b4176
G7137,rcnR,b2105
EG11752,otsB,b1897
EG11701,udk,b2066
G7583,insC-5,b3044
EG30013,argQ,b2691
EG11458,rffM,b3794
EG11713,yidR,b3689
G7913,sgcR,b4300
G7168,arnA,b2255
G7501,xanQ,b2882
G7757,yhhX,b3440
G6578,ycfZ,b1121
EG11539,pyrH,b0171
G7548,insH-9,b2982
EG30012,alaX,b2396
EG11625,artI,b0863
G6206,mhpT,b0353
G7839,yjeO,b4158
G7088,yeeY,b2015
EG11391,osmY,b4376
EG11418,dcd,b2065
G7481,insC-4,b2861
EG30011,alaW,b2397
EG11948,nrfE,b4074
EG11712,yidQ,b3688
G7891,idnR,b4264
G7166,arnB,b2253
G7747,yhgH,b3413
G0-16672,yjhZ,b4657
EG11113,yccA,b0970
G6563,yceQ,b1085
EG11332,upp,b2498
G7480,insD-4,b2860
EG30010,alaV,b0203
EG11574,tbpA,b0068
EG10288,fecC,b4289
G7835,yjeJ,b4145
G6814,ydfH,b1540
EG11037,tufB,b3980
EG11326,codA,b0337
G7255,insL-3,b2394
EG30009,alaU,b3276
EG11457,wzyE,b3793
EG11690,yicN,b3663
G7821,alsR,b4089
G7057,hprR,b1969
G7465,yqeG,b2845
G7739,hofM,b3395
G6536,ycdU,b1029
EG11265,cmk,b0910
G7150,insH-8,b2192
EG30008,alaT,b3853
EG11504,metQ,b0197
G6093,bamA,b0177
G7834,yjeI,b4144
G6812,yneJ,b1526
EG11036,tufA,b3339
EG11102,gsk,b0477
G7126,insF-5,b2089
EG12167,cmoM,b0921
EG11947,nrfD,b4073
EG11684,yicH,b3655
G7789,dgoR,b4479
G6322,cusB,b0574
G7738,hofN,b3394
G0-16671,yjhY,b4656
EG11104,entS,b0591
G6513,yccM,b0992
EG11090,mtn,b0159
G7125,insE-5,b2088
EG11268,fmt,b3288
EG11047,ugpB,b3453
EG10272,exbD,b3005
G7828,yjdI,b4126
EG11809,purT,b1849
G6799,lsrR,b1512
EG11017,treA,b1197
EG11082,rihC,b0030
G7092,insH-7,b2030
EG10997,mnmE,b3706
EG11456,wecE,b3791
EG11651,yafE,b0210
G7678,nanR,b3226
G0-9561,blr,b4409
G7447,gudP,b2789
G7737,hofO,b3393
G6512,ymcE,b0991
EG11045,udp,b3831
G7077,insC-3,b1997
G7525,yqgF,b2949
EG10929,sbp,b3917
G436,nanT,b3224
G7825,yjdF,b4121
EG11314,purB,b1131
G6737,ydcI,b1422
EG10773,proX,b2679
EG11002,thyA,b2827
G7076,insD-3,b1996
G0-8914,gadY,b4452
EG11946,nrfC,b4072
EG11645,ydeJ,b1537
G7546,glcC,b2980
EG50005,nfsB,b0578
G7736,hofP,b3392
G0-16670,yjdQ,b4654
EG11096,yajC,b0407
G6510,cspH,b0989
EG10994,tdk,b1238
G7074,insH-6,b1994
G0-8913,sibD,b4447
EG10815,rbsB,b3751
EG10271,exbB,b3006
G7823,yjcZ,b4110
EG10799,purN,b2500
G6720,paaX,b1399
EG10771,proV,b2677
EG10965,gmk,b3648
G7030,insA-5,b1894
G0-8886,sibC,b4446
EG11455,rffC,b3790
EG11604,smf,b4473
G7331,hcaR,b2537
EG30063,micF,b4439
G7437,ygcS,b2771
G7634,agaS,b3136
G6499,yccU,b0965
EG10810,pyrG,b2780
G7029,insB-5,b1893
G0-8885,sibB,b4437
EG10752,potD,b1123
G2001,sapB,b1293
G7797,yifO,b3776
EG10798,purM,b2499
G6664,pgrR,b1328
EG10680,osmC,b1482
EG10809,pyrF,b1281
G6725,insI-2,b1404
G0-8884,sibA,b4436
EG11942,actP,b4067
EG11603,ygiF,b3054
G7326,iscR,b2531
EG12867,ampH,b0376
G7288,eutD,b2458
G0-16669,yicT,b4653
EG11076,xylE,b4031
G6495,yccS,b0960
EG10795,purH,b4006
G6724,insC-2,b1403
G0-8882,omrB,b4445
EG10734,pstS,b3728
EG10269,envZ,b3404
G7759,yhhZ,b3442
EG10797,purL,b2557
G6658,ycjW,b1320
EG10679,osmB,b1283
EG10790,purA,b4177
G6723,insD-2,b1402
G0-8868,omrA,b4444
EG11454,rffH,b3789
EG11592,ybeD,b0631
G7308,hyfR,b2491
EG12656,mdaB,b3028
G7421,ygbN,b2740
G6868,ydgJ,b1624
G6459,ybjD,b0876
EG10661,nrdB,b2235
G6697,pinR,b1374
G0-10602,sibE,b4611
EG10593,mglB,b2150
G2000,sapC,b1292
G7734,yhfY,b3382
EG10796,purK,b0522
G6638,yciT,b1284
EG10241,dnaK,b0014
EG10660,nrdA,b2234
G6693,insH-5,b1370
G0-10598,ohsC,b4608
EG11940,yjcE,b4065
EG11579,ybiA,b0798
G7072,nac,b1988
EG12019,yohF,b2137
G0-16668,yibU,b4652
EG11054,uhpT,b3666
G6453,ybjS,b0868
EG10650,ndk,b2518
G6667,insH-4,b1331
G7751,rtcB,b3421
EG10540,livK,b3458
EG10267,acrF,b3266
G7733,yhfX,b3381
EG10794,purF,b2312
EG10422,guaC,b0104
G6546,csgD,b1040
EG10111,betI,b0313
G0-9388,sroH,b4691
G6534,insE-4,b1027
EG12455,lplT,b2835
EG11453,rffG,b3788
EG11526,ydcC,b1460
G7003,kdgR,b1827
G7352,bamD,b2595
EG11865,rhaM,b3901
G6450,ybjP,b0865
EG10421,guaB,b2508
G6533,insF-4,b1026
G0-9385,sroE,
EG10539,livJ,b3460
G0-9981,dinQ,b4613
G7728,yhfS,b3376
EG10793,purE,b0523
G6467,ycaN,b0900
EG10110,betB,b0312
EG10420,guaA,b2507
G6509,insB-4,b0988
G0-9384,sroD,
EG11939,ghxP,b4064
EG11524,ybfD,b0706
G6867,uidR,b1618
G0-16667,yibW,b4651
EG11053,uhpC,b3667
G6448,ybjO,b0858
EG10414,gpt,b0238
G6489,uup,b0949
G0-9383,sroC,
EG10386,glnH,b0811
EG10264,entF,b0586
G7699,yrdD,b3283
EG10792,purD,b4005
EG10251,dut,b3640
G6263,cueR,b0487
EG10044,osmE,b1739
G0-9382,chiX,b4585
G6377,ybfL,b0705
EG12235,arsR,b3501
EG11452,wecC,b3787
EG11522,ybfB,b0702
G6706,feaR,b1384
G7347,rseC,b2570
G6446,ybjM,b0848
EG10225,dgt,b0160
G6360,insH-3,b0656
G0-9381,sroA,
EG10248,dppA,b3544
G0-10594,ynhF,b4602
G7697,yrdB,b3280
EG10791,purC,b2476
G6247,decR,b0447
G7743,hslR,b3400
EG10222,deoD,b4384
G6327,insL-2,b0582
G0-8905,isrC,b4435
EG11914,eptC,b3955
EG11516,ycgB,b1188
G6395,modE,b0761
G0-16666,yibS,b4650
EG11052,uhpB,b3668
G6441,ybjH,b0843
EG10221,deoC,b4381
G6320,cusC,b0572
G0-8904,isrB,b4434
EG10195,cysP,b2425
EG10263,entE,b0594
G7696,yrdA,b3279
G7185,yfbR,b2291
EG10220,deoB,b4383
G6181,yahB,b0316
G6511,cspG,b0990
G0-8883,sdsR,b4433
G6308,insH-2,b0552
EG12116,acrR,b0464
EG11451,wecB,b3786
EG11515,yhcA,b3215
G6346,dpiA,b0620
G7340,yphD,b2546
G6408,ybhQ,b0791
EG10219,deoA,b4382
G6297,insF-3,b0541
G0-8881,rybA,b4416
EG10072,argT,b2310
G0-10460,arnE,b4544
G7693,yhdT,b3257
G6188,yahI,b0323
G6170,ykgA,b0300
G6470,ycaL,b0909
EG10160,cpdB,b4213
G6296,insE-3,b0540
G0-8880,rybB,b4417
EG11902,yijE,b3943
EG11467,yigI,b3820
G6276,allR,b0506
G0-16665,ysaD,b4649
EG11049,ugpE,b3451
G6402,ybhK,b0780
EG10137,cdd,b2143
G6224,insE-2,b0373
G0-8879,ryfA,b4440
EG10057,araF,b1901
EG10262,entD,b0583
G7684,yhcO,b3239
EG12033,psuG,b2165
EG10051,apt,b0469
EG12694,ttdR,b3060
EG11881,hslU,b3931
G0-8876,rydB,b4430
G6223,insF-2,b0372
EG12025,sanA,b2144
EG11426,waaZ,b3624
EG11410,yjgA,b4234
G6201,mhpR,b0346
G7337,yphA,b2543
G6634,yciV,b1266
G6401,ybhJ,b0771
EG10048,apaH,b0049
G6213,insD-1,b0361
G0-8875,ryjA,b4459
G6270,ybbP,b0496
EG20110,kefB,b3350
G7681,yhcB,b3233
EG11646,psuK,b2166
EG12386,csiR,b2664
EG11837,bipA,b3871
EG10039,amn,b1982
G6212,insC-1,b0360
G0-8874,csrC,b4457
EG11896,plaP,b2014
EG11360,bax,b3570
G6195,prpR,b0330
G7652,yhbU,b3158
G0-16664,ysaC,b4648
EG11046,ugpA,b3452
G6394,ybgS,b0753
EG10032,adk,b0474
G6169,insF-1,b0299
G0-8871,arcZ,b4450
EG12340,afuC,b0262
EG10260,entB,b0595
G7675,yhcH,b3221
EG11279,pyrL,b4246
EG10030,add,b1623
EG12289,yiaU,b3585
EG11751,otsA,b1896
G0-8870,sraG,b4449
G6168,insE-1,b0298
EG12006,btsR,b2125
EG11425,waaY,b3625
EG11315,yhdH,b3253
G6088,caiF,b0034
G7330,hcaT,b2536
G7457,mltA,b2813
G6382,ybgL,b0713
G7265,yfeW,b2430
G6146,insA-3,b0275
G0-8865,ryeA,b4432
EG20053,dgoT,b3691
G7674,yhcG,b3220
EG10808,pyrE,b3642
EG12247,yhjC,b3521
EG11178,rbfA,b3167
G7263,murQ,b2428
G6145,insB-3,b0274
G0-8862,sraB,b4418
EG11891,yeeA,b2008
EG11291,loiP,b2936
EG20253,xylR,b3569
G7410,mltB,b2701
G0-16663,mokA,b4647
EG11041,tyrP,b1907
G6381,ybgK,b0712
G6880,anmK,b1640
G6139,insA-2,b0265
G0-8861,sraA,
EG10250,dsdX,b2365
G7650,yhbS,b3156
EG10806,pyrC,b1062
G6576,nagK,b1119
EG12242,gadW,b3515
EG10897,rpoH,b3461
G0-10696,eyeA,b4690
G6138,insB-2,b0264
EG11954,mdtN,b4082
EG11424,waaL,b3622
EG11217,creA,b4397
EG20249,uxuR,b4324
G7320,bamB,b2512
G7248,ypdF,b2385
G6380,ybgJ,b0711
G6567,nagZ,b1107
G6134,insH-1,b0259
G0-10695,sokX,b4701
EG20044,dctA,b3528
G7648,yhbP,b3154
EG10135,carB,b0033
EG12162,gatR_2,b2090
EG10595,miaA,b4171
EG11904,gldA,b3945
G6132,insO-1,b0257
G0-10609,ryjB,b4624
EG11886,opgH,b1049
EG11215,yjjB,b4363
EG13161,dsdC,b2364
EG11373,mltF,b2558
G0-16661,yrdE,b4646
EG11034,tsr,b4355
G6374,ybfP,b0689
EG11050,ugpQ,b3449
G6131,insI-1,b0256
G0-10600,ryfD,b4609
EG10234,dmsC,b0896
G7622,yhaM,b4470
EG10134,carA,b0032
EG10399,glpQ,b2239
EG12094,sgrR,b0069
EG10166,cspA,b3556
EG12879,ybcJ,b0528
G6112,rayT,b0228
EG11953,mdtO,b4081
EG11423,waaU,b3623
EG11214,yjjA,b4360
EG12630,gntR,b3438
G7310,yfgO,b2493
EG10956,sohB,b1272
G6335,ybdR,b0608
EG10398,glpK,b3926
G6086,insA-1,b0022
EG12330,thpR,b0147
G0-10439,kdpF,b4513
EG13283,emrY,b2367
G7620,yhaK,b3106
EG10774,prs,b1207
EG11965,mtlR,b3601
EG10158,clpP,b0437
EG10394,glpD,b3426
G6085,insB-1,b0021
EG11235,rhlE,b0797
EG11883,tehA,b1429
EG11201,yigA,b3810
EG12615,torR,b0995
EG10950,slt,b4392
G0-16660,psaA,b4645
EG11021,trkH,b3849
G6288,ylbE,b4572
G6655,ycjU,b1317
G6083,insL-1,b0016
G6421,ybiR,b0818
EG10233,dmsB,b0895
G7616,yqjG,b3102
EG10805,pyrB,b4245
EG11838,yihL,b3872
G6839,rspA,b1581
EG12629,gntK,b3437
G0-16639,insH21,b4711
EG11952,mdtP,b4080
EG11361,asmA,b2064
EG11196,yidB,b3698
EG12356,rtcR,b3422
G7309,focB,b2492
EG10246,mltD,b0211
G6269,ybbO,b0493
EG12144,pgm,b0688
G0-16638,insA9,b4709
EG12113,hofQ,b3391
EG13270,aqpZ,b0875
G7613,yqjE,b3099
EG10634,umpH,b0675
EG11811,aidB,b4187
G6838,rspB,b1580
EG10033,agp,b1002
G0-16637,insB9,b4710
EG11880,menA,b3930
EG11192,yicC,b3644
EG12301,rutR,b1013
G6647,ycjM,b1309
G0-16659,ttcC,b4638
EG11019,trkA,b3290
G6253,ylaC,b0458
G7502,guaD,b2883
G0-10546,insCD-6,
EG10937,secB,b3609
EG10232,dmsA,b0894
G7612,yqjD,b3098
G7500,xdhD,b2881
EG11785,yfiE,b2577
G6782,ddpX,b1488
G7293,maeB,b2463
G0-10545,insCD-5,
EG11884,tehB,b1430
EG11353,waaJ,b3626
EG11187,yibA,b3594
EG12278,yiaJ,b3574
G7303,hyfF,b2486
EG12258,bcsZ,b3531
G6231,ykiA,b0392
G7040,yedL,b1932
G0-10544,insCD-4,
EG12454,ybaK,b0481
EG10936,secA,b0098
EG13235,mngA,b0731
G7611,yqjC,b3097
G7487,xdhC,b2868
EG11721,yidZ,b3711
G6600,iraM,b1160
EG12164,ytjC,b4395
G0-10543,insCD-3,
EG11272,pheM,b1715
EG11873,fieF,b3915
EG11184,yhhA,b3448
EG12123,lrhA,b2289
EG12198,chbG,b1733
G0-16658,yeeH,b4639
EG11018,trg,b1421
G6229,yaiZ,b0380
EG11699,gpmA,b0755
G0-10542,insCD-2,
EG11067,valS,b4258
EG10300,ffh,b2610
EG10231,dld,b2133
G7605,ygjQ,b3086
G7486,xdhB,b2867
EG11685,yicI,b3656
EG11711,yidP,b3684
G6479,ssuE,b0937
EG11043,tyrS,b1637
G0-10541,insCD-1,
EG11741,envR,b3264
EG11352,waaO,b3627
EG11182,yhfA,b3356
EG11966,adiY,b4116
G7302,hyfE,b2485
EG11862,frvX,b3898
G6228,yaiY,b0379
EG11517,glpX,b3925
G0-10540,insAB-6,
EG11030,trpS,b3384
EG13159,xapB,b2406
G7597,ygjH,b3074
G7485,xdhA,b2866
EG11649,yafC,b0208
EG11890,slp,b3506
EG11245,yggF,b2930
G0-10539,insAB-5,
EG10947,serS,b0893
EG11869,kdgT,b3909
EG11174,yhaC,b3121
EG11962,lldR,b3604
EG11387,amyA,b1927
G0-16657,yoeG,b4640
EG11012,tonB,b1252
G6225,yaiU,b0374
EG11239,ybhA,b0766
G0-10538,insAB-3,
EG10943,selD,b1764
EG10224,dgkA,b4042
G7589,yqiK,b3051
EG11702,nudC,b3996
EG10948,maeA,b1479
EG11594,ybeF,b0629
EG11734,phoH,b1020
EG10770,proS,b0194
G0-10537,insAB-2,
EG11599,marB,b1532
EG11351,waaB,b3628
EG11173,yhaB,b3120
EG11929,zur,b4046
G7301,hyfD,b2484
EG11316,malS,b3571
G6222,yaiT,b0371
EG10759,ppsA,b1702
G0-10536,insAB-4,
EG10710,pheT,b1713
EG12908,frlA,b3370
G7585,yqiG,b3046
EG11394,fabR,b3963
EG11415,dps,b0812
EG10703,pgk,b2926
G0-10535,insAB-1,
EG10709,pheS,b1714
EG11857,fdoH,b3893
EG11161,yggC,b2928
EG10841,fliD,b1924
EG11861,frvR,b3897
EG10565,malZ,b0403
G0-16656,yoeH,b4641
EG11006,tnaB,b3709
G6214,yaiX_1,b0362
EG10702,pgi,b4025
G0-10531,insEF-4,
EG10586,metG,b2114
EG10602,motB,b1889
EG10198,cysW,b2423
G7582,ubiK,b3042
EG10688,pck,b3403
EG11320,nrdR,b0413
EG11401,psiF,b0384
EG10553,lysU,b4129
G0-10530,insEF-3,
EG11435,marR,b1530
EG11350,waaS,b3629
EG11157,ygeA,b2840
EG10324,fliN,b1946
EG11795,gcvA,b2808
G7300,hyfC,b2483
EG10561,malQ,b3416
G6211,yaiX_2,b0359
EG10576,mdh,b3236
G0-10529,insEF-2,
EG10552,lysS,b2890
EG10323,fliM,b1945
EG12883,pitB,b2987
G7568,ygiQ,b4469
EG11212,nsrR,b4178
EG10978,sspB,b3228
EG10368,epd,b2927
G0-10528,insEF-5,
EG10532,leuS,b0642
EG11856,fdoI,b3892
EG11144,yfcA,b2327
EG10322,fliL,b1944
EG11668,atoC,b2220
EG10560,malP,b3417
G0-16655,yoeD,b4642
EG10991,tdcC,b3116
G6192,yahM,b0327
EG10367,gapA,b1779
G0-10525,insEF-1,
EG10492,ileS,b0026
EG12089,nuoI,b2281
EG10321,fliC,b1923
EG10197,cysU,b2424
G7551,yghS,b2985
EG10283,fbp,b4232
EG11109,mngR,b0730
EG10977,sspA,b3229
EG10453,hisS,b2514
G0-10430,insA-4,b4516
EG11434,marA,b1531
EG11341,waaQ,b3632
EG11139,yecA,b1908
EG10320,flhD,b1892
EG11519,nikR,b3481
G7282,eutH,b2452
EG11237,chiA,b3338
G6189,yahJ,b0324
EG10258,eno,b2779
EG11750,rpnA,b3411
EG10410,glyS,b3559
EG12087,nuoG,b2283
EG10319,flhC,b1891
EG12853,abgT,b1336
G7550,yghR,b2984
G6851,ynfK,b1593
EG10845,rho,b3783
EG10966,spoT,b3650
EG11748,rpnC,b0132
EG10409,glyQ,b3560
EG11842,yihP,b3877
EG11137,yebC,b1864
EG10229,flk,b2321
EG11514,gltF,b3214
G0-16654,pawZ,b4643
EG10988,tar,b1886
G6185,yahF,b0320
EG11727,cbrC,b3717
EG10407,gltX,b2400
EG12086,nuoE,b2285
G7640,yraK,b3145
EG10182,cyoE,b0428
G7535,yghD,b2968
EG10124,bisC,b3551
EG10801,putA,b1014
EG10714,phnD,b4105
EG10390,glnS,b0680
EG11714,cbrA,b3690
EG11249,mazF,b2782
EG11340,waaP,b3630
EG11134,ydjA,b1765
G7637,yraH,b3142
EG11449,hdfR,b4480
G7258,zipA,b2412
G6184,yahE,b0319
EG11035,tsx,b0411
EG10196,cysS,b0526
EG12084,nuoC,b2286
G7210,yfcV,b2339
EG12836,yhdY,b3270
G7529,yggU,b2953
EG10122,bioH,b3412
EG10715,phnF,b4102
EG10713,phnC,b4106
EG11010,tolQ,b0737
EG10097,aspS,b1866
EG11841,yihO,b3876
EG11126,yciF,b1258
G7206,yfcR,b2335
EG11335,nadR,b4390
G0-16653,ypjI,b4644
EG10987,tap,b1885
G6182,yahC,b0317
EG11008,tolB,b0740
EG10094,asnS,b0930
EG12083,nuoB,b2287
G7205,yfcQ,b2334
EG10181,cyoD,b0429
G7524,yqgE,b2948
EG10121,bioF,b0776
EG10457,hns,b1237
EG10572,mazG,b2781
EG10071,argS,b1876
EG11007,tolA,b0739
EG11158,fau,b2912
EG11339,waaG,b3631
EG11125,yciE,b1257
G7204,yfcP,b2333
EG11230,melR,b4118
G7254,mntH,b2392
G6177,ykgF,b0307
EG10800,purR,b1658
G6362,ybeY,b0659
EG11774,nuoF,b2284
G6794,ydeS,b1504
EG12835,yhdX,b3269
G7520,yggP,b4465
EG10120,bioD,b0778
EG10442,hipB,b1508
EG10413,gpp,b3779
EG10302,fhuA,b0150
G6096,tilS,b0188
EG11840,yihN,b3874
EG11122,yciB,b1254
G6793,ydeR,b1503
EG11218,creB,b4398
G0-10682,ykgQ,b4631
EG10952,bamE,b2617
G6176,ykgE,b0306
G7129,fbaB,b2097
EG10293,fepA,b0584
G0-10610,symR,b4625
G6547,csgB,b1041
G8221,ilvG_1,b3767
EG10180,cyoC,b0430
G7515,yqfE,b2915
EG10119,bioC,b0777
EG10441,ihfB,b0912
EG10230,dksA,b0145
G0-10465,arfA,b4550
EG10169,cvpA,b2313
EG11081,ispH,b0029
EG11295,wzzE,b3785
EG11108,ybgA,b0707
G6485,ycbV,b0943
EG11149,gcvR,b2479
G7251,yfeO,b2389
G6166,ykgL,b0295
EG11015,tpiA,b3919
EG10155,cirA,b2155
EG12354,arfB,b0191
G6484,ycbU,b0942
G8209,molR_3,b2117
EG12834,yhdW,b3268
G7513,yqfB,b2900
EG10118,bioB,b0775
EG10440,ihfA,b1712
EG12051,yejO,b2190
G7607,alx,b3088
EG12343,ettA,b4391
EG11826,etk,b0981
EG11099,ybaA,b0456
G6483,elfG,b0941
EG11146,xapR,b2405
G0-10615,ykfK,b4628
EG10940,secF,b0409
G6159,ykgJ,b0288
G6397,pgl,b0767
EG12223,rbbA,b3486
G8210,srlA,b2702
G6480,elfA,b0938
G8208,molR_2,b2116
EG10179,cyoB,b0431
G7495,yqeC,b2876
EG10117,bioA,b0774
EG10317,fis,b3261
EG12049,yejM,b2188
G7521,yqgB,b2939
EG10571,mazE,b2783
EG11198,glmU,b3730
EG11097,yajD,b0410
G6290,sfmA,b0530
EG11092,crl,
G7243,ypdA,b2380
G6118,yafP,b0234
EG11221,zwf,b1852
EG12114,prfC,b4375
G7990,fruB,b2169
G6164,ecpA,b0293
G8205,gapC_1,b1417
EG12802,yrbG,b3196
G7484,ygeR,b2865
EG10419,gshB,b2947
EG10070,argR,b3237
EG12036,yeiQ,b2172
G7002,mgrB,b1826
G0-8895,tff,b4414
EG11824,yghB,b3009
EG11084,mraZ,b0081
EG12388,sfmF,b0534
EG11088,pdhR,b0113
G0-10614,ykfL,b4627
EG10939,secE,b3981
G6111,yafL,b0227
EG10411,gnd,b2029
EG12099,efp,b4147
G7856,ulaA,b4193
EG12363,ygiL,b3043
G8204,ydbA_2,b1405
EG10178,cyoA,b0432
G7466,yqeH,b2846
EG10418,gshA,b2688
EG10034,alaS,b2697
EG12035,yeiP,b2171
G7000,yobF,b1824
EG10203,dacC,b0839
EG11189,waaC,b3621
EG10433,hemX,b3803
EG12359,ybgD,b0719
EG11051,uhpA,b3669
G7198,yfcJ,b2322
G6107,yafJ,b0223
EG12316,acnB,b0118
EG11681,hpf,b3203
G7635,agaD,b3140
EG12328,yadN,b0141
G7898,yjgX_1,b4276
EG12760,garP,b3127
G7443,queE,b2777
G7508,idi,b2889
G7826,dcuR,b4124
EG12028,yeiI,b2160
G6855,asr,b1597
EG11821,amtB,b0451
EG10083,aroM,b0390
EG12327,yadM,b0138
EG11042,tyrR,b1323
G0-10604,sokA,b4614
EG10938,secD,b0408
G6103,yafV,b0219
EG10982,sucD,b0729
EG11404,ychF,b1203
G7633,agaW,b3134
EG12325,yadK,b0136
G7897,yjgX_2,b4275
EG10177,cynX,b0341
G7436,ygcR,b2770
G7423,ispD,b2747
G7244,ypdB,b2381
EG12027,yeiH,b2158
G6791,ydeP,b1501
EG10201,dacA,b0632
EG11188,htrL,b3618
EG10021,yjiA,b4352
EG12107,ppdD,b0108
EG11029,trpR,b4393
G7190,yfcC,b2298
G6102,yafU,b0218
EG10981,sucC,b0728
EG11128,yciH,b1282
G7632,agaV,b3133
EG12081,ppdA,b2826
G7671,yhcE_1,b3217
EG12754,cutP,b3110
G7435,ygcQ,b2769
G6912,menI,b1686
G6864,rstA,b1608
EG12023,yohJ,b2141
G6555,yceO,b1058
EG11815,torC,b0996
G7954,yjjY,b4402
EG11990,yehD,b2111
EG10992,tdcR,b3119
G0-10567,insM,b4561
EG10934,sdhD,b0722
G6101,yafT,b0217
EG10980,sucB,b0727
G6866,uidC,b1615
EG11033,tsf,b0170
G7264,murP,b2429
EG11987,yehA,b2108
G7557,yghX_2,b3000
EG10174,cydB,b0734
G7434,ygcP,b2768
G6365,ubiF,b0662
G6628,dhaR,b1201
EG12004,yehR,b2123
G6158,yagU,b0287
G0-16600,ralA,b4714
EG10183,cysA,b2422
EG10840,rfe,b3784
G7952,yjjV,b4378
EG11974,fimI,b4315
EG10989,tdcA,b3118
G7171,arnF,b2258
G6100,yafS,b0213
EG10979,sucA,b0726
G0-10752,agrB,b4713
EG10942,selB,b3590
G7250,fryB,b2387
EG11973,yadV,b0140
G7556,yghX_1,b2999
EG12738,exuT,b3093
G7432,ygcN,b2766
EG12715,dxr,b0173
G6515,torT,b0994
EG12003,yehQ,b2122
EG50009,gadA,b3517
G0-10751,agrA,b4712
EG11800,hybB,b2995
G7942,yjiY,b4354
EG11972,htrE,b0139
EG10974,srlR,b2707
G0-10564,ysdC,b4556
EG10933,sdhC,b0721
G6095,yaeR,b0187
EG10489,icd,b1136
EG10785,pth,b1204
G7249,fryC,b2386
EG11678,yadC,b0135
G7389,ygaQ,b4462
EG10173,cydA,b0733
G7418,ygbK,b2737
EG12438,menH,b2263
EG11618,baeR,b2079
EG11985,wbbK,b2032
EG12228,yhiM,b3491
EG20091,gpsA,b3608
G7649,yhbQ,b3155
EG10820,rcsA,b1951
G7937,yjiS,b4341
EG11156,ppdB,b2825
EG10843,rhaS,b3905
G7159,yfaV,b2246
EG10402,gltA,b0720
G6087,yaaY,b0024
EG11510,ppk,b2501
EG10762,prfB,b2891
G7246,fryA,b2383
EG11103,fimZ,b0535
G7155,yfaS_1,b2228
EG12732,sstT,b3089
G7417,ygbJ,b2736
EG12437,menE,b2260
EG11615,basR,b4113
EG11984,wbbJ,b2033
EG11889,dctR,b3507
EG11403,ppx,b2502
EG11798,hofC,b0106
G7931,yjiL,b4334
EG10315,fimH,b4320
EG10842,rhaR,b3906
EG10356,fumA,b1612
G0-10563,yrhC,b4552
EG10932,sdhB,b0724
G372,yaeP,b4406
EG10755,ppa,b4226
EG10761,prfA,b1211
G0-10241,sgcB,b4565
EG10314,fimG,b4319
G7154,yfaS_2,b2227
EG10168,lnt,b0657
G7400,ygaM,b2672
EG12362,menF,b2265
EG11609,evgA,b2369
EG11930,yjbL,b4047
EG11544,gadE,b3512
EG10738,pldA,b3821
G7564,yqhD,b3011
EG10614,lpxM,b1855
G7926,yjiG,b4329
EG10313,fimF,b4318
EG10819,rbsR,b3753
G7138,rcnA,b2106
G592,ldhA,b1380
G0-9081,ydaE,b4526
EG10727,phoA,b0383
EG10506,infC,b1718
EG12770,agaC,b3139
EG10312,fimE,b4313
G7066,yeeL_1,b1980
EG12720,ygjI,b3078
G7396,yqaE,b2666
EG11816,ispF,b2746
EG11285,glrR,b2554
EG11928,yjbJ,b4045
EG11501,adiA,b4117
EG10725,phnP,b4092
EG11773,nuoM,b2277
G7922,yjiC,b4325
EG10311,fimD,b4317
EG10731,phoP,b1130
EG50010,frmA,b0356
G0-10561,ypaA,b4543
EG10931,sdhA,b0723
G0-8892,mgtS,b4599
EG10723,phnN,b4094
EG10505,infB,b3168
EG12769,agaB,b3138
EG10310,fimC,b4316
G7065,yeeL_2,b1979
EG10167,cstA,b0598
G7384,ypjB,b2649
EG11532,menC,b2261
EG12712,luxS,b2687
EG11875,yiiR,b3921
EG11495,hdeD,b3511
EG10721,phnL,b4096
G7530,rdgB,b2954
EG10546,lpxB,b0182
G7901,yjhC,b4280
EG10309,fimB,b4312
EG10672,ompR,b3405
G7130,yegT,b2098
EG11169,ttdB,b3062
G0-8888,ypfM,b4606
EG10720,phnK,b4097
EG10504,infA,b0884
EG12766,agaA,b3135
EG10308,fimA,b4314
G7054,yedS_3,b1966
EG12713,yddG,b1473
G7382,ypjA,b2647
EG11476,ubiB,b3835
EG11853,yiiD,b3888
EG11490,gadB,b1493
EG10719,phnJ,b4098
EG11767,yhhJ,b3485
G7890,yjgR,b4263
G7841,rsgA,b4161
EG10643,narL,b1221
EG11168,ttdA,b3061
G0-10559,ynfP,b4534
EG10928,sbmA,b0377
G0-8887,yncL,b4598
EG10718,phnI,b4099
EG10360,fusA,b3340
EG12556,sgcC,b4304
G7319,der,b2511
G7053,yedS_2,b1965
EG10163,cpxA,b3911
G7338,yphB,b2544
EG11474,ubiJ,b3834
EG11833,yihG,b3862
EG11422,inaA,b2237
EG10717,phnH,b4100
G7399,alaE,b2670
EG10545,lpxA,b0181
G7886,yjgM,b4256
EG50004,rmf,b0953
EG10636,nagC,b0676
G7115,mdtC,b2076
EG10804,pykF,b1676
G0-16675,rzoQ,b4689
EG10716,phnG,b4101
G7510,sdhE,b2897
EG12554,sgcA,b4302
EG50002,rpmA,b3185
G7052,yedS_1,b1964
EG12709,yedI,b1958
G7321,yfgM,b2513
EG11473,ubiE,b3833
EG11820,yceI,b1056
EG11399,hdeB,b3509
G7455,csdE,b2811
EG11754,setA,b0070
G7884,yjgL,b4253
EG50001,rplU,b3186
EG10591,metR,b3828
EG10803,pykA,b1854
G0-10556,icdC,b4519
EG10816,rbsC,b3750
G0-16673,ymiB,b4672
G7454,csdA,b2810
G7402,nrdI,b2674
EG12495,ulaC,b4195
EG30100,ssrA,b2621
G7042,yedN_2,b1934
EG10145,creD,b4400
G7317,yfgI,b2506
EG11396,ubiD,b3843
EG11812,yjfC,b4186
EG11398,hdeA,b3510
G7038,dcyD,b1919
G7398,ygaP,b2668
EG10464,lpxL,b1054
G7880,bdcA,b4249
EG30091,rrfF,b3272
EG10588,metJ,b3938
G7114,mdtB,b2075
EG10756,ppc,b3956
G0-10656,yqfG,b4684
G6952,ynjE,b1757
G7324,iscU,b2529
EG12494,ulaB,b4194
EG30090,rrsH,b0201
G7041,yedN_3,b1933
EG12662,gltK,b0653
G7298,ypfJ,b2475
EG11369,ubiC,b4039
G6209,frmR,b0357
EG11786,yfiF,b2581
EG11078,nhaR,b0020
G6909,sufB,b1683
EG11753,chaA,b1216
G7879,yjgH,b4248
EG30089,rrsG,b2591
EG10564,malY,b1622
EG10701,pflB,b0903
G0-10555,ybcD,b4508
EG10807,pyrD,b0945
G0-10654,ykgR,b4671
G6908,sufC,b1682
G7201,epmC,b2326
EG12415,gatB,b2093
EG30088,rrsE,b4007
G6927,arpB_2,b1721
EG10141,chbC,b1737
G7286,eutN,b2456
EG11368,menB,b2262
G7944,lgoR,b4357
EG11770,ybbD,b0500
EG10529,lepA,b2569
G6907,sufD,b1681
G7323,yfhM,b2520
EG10382,glmS,b3729
G7862,yjfZ,b4204
EG30087,rrsD,b3278
EG10562,malT,b3418
G7113,mdtA,b2074
EG10481,hycH,b2718
G0-10653,azuC,b4663
G6906,sufS,b1680
G7105,wzc,b2060
EG12322,yadI,b0129
EG30086,rrsC,b3756
G6926,arpB_1,b1720
EG12661,gltJ,b0654
G7260,yfeK,b2419
EG11333,ubiI,b2906
G7909,yjhU,b4295
EG11769,ybbC,b0498
EG10131,cadA,b4131
G6788,ydeN,b1498
EG11742,yddA,b1496
G7847,yjfJ,b4182
EG30085,rrsB,b3968
EG10557,malI,b1620
EG10480,hycG,b2719
G0-10515,yjhW,b4562
EG10802,putP,b1015
G0-10650,yqeL,b4683
G6477,ssuD,b0935
G6969,yeaG,b1783
EG11912,frwD,b3953
EG30084,rrsA,b3851
G6722,ydbA_1,b1401
EG10139,cdsA,b0175
G7238,yfdX,b2375
EG11324,ubiH,b2907
G7882,bdcR,b4251
EG11765,yibI,b3598
G7923,iraD,b4326
EG12423,tauD,b0368
G6939,spy,b1743
EG10316,lpxD,b0179
G7829,yjdJ,b4127
EG30083,rrlH,b0204
EG10551,lysR,b2839
G7927,yjiH,b4330
G7070,yeeO,b1985
EG10478,hycE,b2721
G0-10646,ynbG,b4674
EG11955,yjcS,b4083
G6503,etp,b0982
EG11909,frwB,b3950
EG30082,rrlG,b2589
G6610,ycgH_2,b1170
EG12631,gntU,b4476
G7214,yfcZ,b2343
EG11294,ispE,b1208
G7869,ytfH,b4212
EG11760,ydcD,b1457
G7877,ridA,b4243
EG11705,yidJ,b3678
EG11737,metI,b0198
G7804,ysgA,b3830
EG30081,rrlE,b4009
EG10547,lrp,b0889
G7915,sgcQ,b4303
EG10475,hycB,b2724
G0-10431,yafF,b4503
EG10787,ptsG,b1101
G0-10644,yobI,b4677
EG11601,sseB,b2522
G6468,ycaO,b0905
EG11908,frwC,b3949
EG30080,rrlD,b3275
G6609,ycgH_1,b1169
EG10132,cadB,b4132
G7209,yfcU_1,b2338
EG11143,ubiG,b2232
G7863,ytfA,b4205
EG11759,yciK,b1271
G7852,bsmA,b4189
EG11600,mstA,b2521
G6615,pliG,b1178
EG10265,lpxC,b0096
G7802,yzcX,b3808
EG30079,rrlC,b3758
EG10531,leuO,b0076
G7853,yjfP,b4190
G7067,shiA,b1981
EG10358,fumC,b1611
G0-10642,yjeV,b4670
EG11378,sufA,b1684
G6435,rimO,b0835
EG11864,frvA,b3900
EG30078,rrlB,b3970
G6525,efeU_1,b1016
EG12626,dppC,b3542
G7208,yfcU_2,b2337
EG11044,ubiX,b2311
G7673,yhcF,b3219
EG11726,cbrB,b3716
G7816,cpxP,b4484
EG10194,cysN,b2751
EG11732,hsrA,b3754
G7763,yrhB,b3446
EG30077,rrlA,b3854
EG10525,lacI,b0345
G7837,blc,b4149
EG10357,fumB,b4122
EG12226,yhiK,b3489
EG10784,pstC,b3727
G0-10641,ilvX,b4669
EG10191,cysJ,b2764
G6340,citX,b0614
EG11863,frvB,b3899
EG30076,rrfH,b0205
G0-10697,,
EG10127,btuC,b1711
G7202,smrB,b2331
EG10579,menD,b2264
G7657,ibaG,b3190
EG11697,yidI,b3677
G7683,yhcN,b3238
EG10190,cysI,b2763
G6334,uspG,b0607
G7028,flhB,b1880
G7752,yzgL,b3427
EG30075,rrfG,b2588
EG10517,kdpE,b0694
G7756,yhhW,b3439
G7037,tcyL,b1918
EG10031,adhE,b1241
G0-10616,ythA,b4655
EG10189,cysH,b2762
EG12449,prmB,b2330
EG11792,cmtA,b2933
EG30074,rrfE,b4010
G0-10683,yhiS_2,b3504
EG12625,dppB,b3543
G7197,rpnB,b2305
EG10508,ispA,b0421
G7601,higA,b3082
EG11683,yicG,b3646
G7647,yhbO,b3153
EG10186,cysD,b2752
EG11720,mdtL,b3710
G7735,yhfZ,b3383
EG30073,rrfD,b3274
EG10503,ilvY,b3773
G7742,yrfG,b3399
EG11091,frsA,b0239
EG12208,ybeM_1,b0625
EG10782,pstA,b3726
G0-10608,ytcA,b4622
EG10185,cysC,b2750
EG12424,prmC,b1212
EG11791,cmtB,b2934
EG30072,rrfC,b3759
G0-10570,insB-7_2,b4564
EG10115,bglF,b3722
G7188,yfbU,b2294
EG10370,ispG,b2515
G7594,yqjI,b3071
EG11664,slyX,b3348
G7574,ygiW,b3024
EG10089,aslA,b3801
G6174,rclA,b0304
G6562,flgN,b1070
G7730,yhfU,b3378
EG30071,rrfB,b3971
EG10491,iclR,b4018
G7732,yhfW,b3380
G7004,yebQ,b1828
G7306,hyfI,b2489
G0-10607,yjbS,b4621
EG10043,cysQ,b4214
EG12360,yfaE,b2236
EG11710,glvC,b3683
EG30070,rrfA,b3855
G0-10569,insB-7_1,b4563
EG12623,ybaL,b0478
G7177,yfbK,b2270
EG10017,ispB,b3187
G7575,qseB,b3025
EG11605,smg,b3284
G7532,yggX,b2962
G7596,patA,b3073
EG11706,yidK,b3679
G7722,yhfL,b3369
EG30027,ffs,b0455
EG10490,argP,b2916
G7731,php,b3379
G7305,hyfH,b2488
EG12161,eaeH,b0297
EG10781,pssA,b2585
G0-10603,yrhD,b4612
G6944,astC,b1748
EG12147,npr,b3206
EG11709,glvB,b3682
EG12794,yhbY,b3180
G0-10565,yjgX_3,b4560
EG10112,betT,b0314
G7173,elaB,b2266
EG12189,hemF,b2436
G7573,ygiV,b3023
EG11581,hcxB,b0801
G7415,pphB,b2734
G6755,patD,b1444
G6173,rclB,b0303
G379,fliK,b1943
G7718,yheT,b3353
EG11508,sra,b1480
EG10474,hycA,b2725
G7644,yraP,b3150
G6999,mntP,b1821
G7304,hyfG,b2487
G0-10601,ygdT,b4610
G6523,rutA,b1012
EG11804,hybF,b2991
EG10970,srlB,b2704
EG11232,rpmJ,b3299
G0-10562,yhcE_2,b4549
EG12591,opgB,b4359
G7165,ais,b2252
EG11836,hemN,b3867
G7547,yghO,b2981
EG11580,ybiB,b0800
G7348,rseB,b2571
G6522,rutB,b1011
EG11704,acrB,b0462
G7695,yhdV,b3267
EG11231,rpmI,b1717
EG10400,glpR,b3423
G7639,yraJ,b3144
G6775,adhP,b1478
EG11778,ybfH,b0691
EG10775,psd,b4160
G0-10596,ypaB,b4605
G6521,rutC,b1010
EG11802,hybD,b2993
EG10969,srlE,b2703
EG11543,hemE,b3997
EG11179,rimP,b3170
G0-10560,wbbL_2,b4540
EG10109,betA,b0311
G7162,yfaY,b2249
G7472,ygeH,b2852
EG11525,yhhI,b3484
G7194,yfcG,b2302
G6520,rutD,b1009
G6171,rclC,b0301
G378,fliJ,b1942
G7694,yhdU,b3263
EG11485,hemG,b3850
EG11153,rimM,b2608
EG10385,glnG,b3868
G7615,yqjF,b3101
G6987,yeaV,b1801
EG12332,erpA,b0156
G0-10595,yojO,b4604
G6519,rutE,b1008
EG11602,glnE,b3053
EG10563,malX,b1621
EG10432,hemL,b0154
EG11151,raiA,b2597
G0-10558,yncK_2,b4530
EG12587,lgoT,b4356
G7148,pdeN,b2176
G7397,ygaV,b2667
EG11523,ybfC,b0704
G7193,yfcF,b2301
G6518,rutF,b1007
EG11703,acrA,b0463
G7687,aaeX,b3242
EG10431,hemH,b0475
EG10975,srmB,b2576
EG10365,galS,b2151
G7608,ygjV,b3090
EG12068,napF,b2208
G0-10591,yciZ,b4596
EG10772,proW,b2678
EG11777,ybfG,b0690
G6457,hcp,b0873
EG11551,hypF,b2712
EG10165,crr,b2417
EG10430,hemD,b3804
EG10920,rpsU,b3065
G7112,yegL,b2073
G0-10557,yncK_1,b4531
EG10106,atpI,b3739
G7344,yphH,b2550
EG11521,ybfA,b0699
G7060,msrQ,b1972
G6286,allD,b0517
G6104,ivy,b0220
G377,fliI,b1941
G7670,yhcD,b3216
EG10429,hemC,b3805
EG10919,rpsT,b0023
EG10364,galR,b2837
G7578,yqiA,b3031
G6977,nimT,b1791
EG11910,pflD,b3951
G0-10590,ymgJ,b4594
G6285,allC,b0516
EG11440,|def|,b3287
EG10142,chbA,b1736
EG10428,hemB,b0369
EG10918,rpsS,b3316
G7109,yegI,b2070
EG12576,mdtM,b4337
G0-10495,efeU_2,b1017
G7262,murR,b2427
EG11520,yhhH,b3483
G7059,msrP,b1971
G6284,allE,b0515
M015,hcaF,b2539
EG11700,pnuC,b0751
G7669,yhcC,b3211
EG10427,hemA,b1210
EG10917,rpsR,b4202
EG10353,fucR,b2805
G7567,yqhH,b3014
EG11552,hydN,b2713
EG10766,secY,b3300
G0-10589,ymgI,b4593
EG11611,ychG_2,b1239
G6281,allB,b0512
EG11430,roxA,b1128
EG10140,chbB,b1738
EG10188,cysG,b3368
EG10916,rpsQ,b3311
EG10105,atpH,b3735
G7087,yeeX,b2007
EG50008,cybC,b4236
G7161,yfaX,b2248
EG11509,mbiA,b0012
G7046,yodD,b1953
G6275,allA,b0505
M014,mhpF,b0351
G0-10716,iroK,b4706
G370,flhA,b1879
G7654,yhbW,b3160
G6349,cobC,b0638
EG10915,rpsP,b2609
EG10301,fhlA,b2731
G7531,yggW,b2955
G6975,yeaL,b1789
EG11150,hyfA,b2481
G0-10588,appX,b4592
EG12345,ydfG,b1539
EG11411,glnD,b0167
EG13238,cobU,b1993
EG10914,rpsO,b3165
EG12563,gntP,b4321
G7068,yeeN,b1983
EG12238,yhiS_1,b3504
G6985,dmlR,b1799
EG11484,yigZ,b3848
G7011,pphA,b1838
EG12188,ptsP,b2829
M013,mhpD,b0350
EG11693,emrD,b3673
G7653,yhbV,b3159
EG12151,cobT,b1991
EG10913,rpsN,b3307
EG10291,fecI,b4293
G7499,ygfM,b2880
EG10655,nirD,b3366
EG10754,poxB,b0871
G0-10586,ybfK,b4590
EG11496,prfH,b0236
EG10724,phnO,b4093
EG10853,rimL,b1427
G6545,csgE,b1039
EG12150,cobS,b1992
EG10912,rpsM,b3298
EG12103,gapC_2,b1416
EG10104,atpG,b3733
G7058,yedX,b1970
G6976,nimR,b1790
EG11462,yigE,b4482
G6756,ortT,b1445
EG10404,gltD,b3213
M012,mhpC,b0349
EG31116,oxyS,b4458
G369,flgM,b1071
G7646,yraR,b3152
EG10130,btuR,b1270
EG10911,rpsL,b3342
EG10268,envY,b0566
G7498,ssnA,b2879
G6962,ydjK,b1775
EG10653,nirB,b3365
G0-10585,ylcI,b4589
EG10403,gltB,b3212
EG10852,rimK,b0852
EG11906,ptsA,b3947
EG10261,entC,b0593
EG10910,rpsK,b3297
EG11992,molR_1,b2115
EG12548,yjhF,b4296
G7048,yedP,b1955
G6957,ydjF,b1770
EG11429,yjaZ,b3989
G6606,ariR,b1166
EG10383,glnA,b3870
M010,mhpA,b0347
EG11691,adeQ,b3664
G7645,yraQ,b3151
EG10259,entA,b0596
EG10909,rpsJ,b3321
EG10254,ebgR,b3075
G7497,ygfK,b2878
EG10483,hypA,b2726
EG10753,potE,b0692
G0-10550,yahH,b0322
EG11386,yjiV,b4486
EG10176,cynT,b0339
EG10851,rimJ,b1066
EG10789,ptsI,b2416
EG50011,folP,b3177
EG10908,rpsI,b3230
EG11986,wbbL_1,b2031
EG10103,atpF,b3736
G7027,flhE,b1878
G6919,ydiP,b1696
EG11395,yijD,b3964
G58,maa,b0459
G7237,frc,b2374
M009,hcaE,b2538
EG12633,nudF,b3034
G366,flgJ,b1081
G7626,tdcF,b3113
EG11673,folB,b3058
EG10907,rpsH,b3306
EG10223,deoR,b0840
G7492,hyuA,b2873
G6950,ynjC,b1755
EG10257,edd,b1851
G0-10513,yciX,b4523
G6848,ynfH,b1590
EG10850,rimI,b4373
EG10788,ptsH,b2415
EG11493,pabC,b1096
EG10906,rpsG,b3341
EG10498,ilvG_2,b3768
EG12544,yjhB,b4279
G7014,yobA,b1841
G6889,nemR,b1649
G198,yajL,b0424
G6847,ynfG,b1589
GB4478,dgoD,b4478
EG11383,elbB,b3209
EG11689,nepI,b3662
G7621,yhaL,b3107
EG11375,folE,b2153
EG10905,rpsF,b4200
EG10143,chbR,b1735
G7451,syd,b2793
EG10337,fruK,b2168
EG10010,rhsE,b1456
EG10751,potC,b1124
G0-10512,ymiA,b4522
G6846,ynfF,b1588
EG10570,map,b0168
G7875,tamB,b4221
EG11374,folK,b0142
EG10904,rpsE,b3303
EG10102,atpE,b3737
G7013,yebZ,b1840
G6853,ynfL,b1595
EG12657,ygiN,b3029
G6845,ynfE,b1587
G81,uxaC,b3092
EG12244,yhjA,b3518
G365,flgI,b1080
G7606,ygjR,b3087
EG11138,nudB,b1865
EG10903,rpsD,b3296
EG10133,cadC,b4133
G7450,yqcC,b2792
G6917,ydiN,b1691
G0-10468,yibT,b4554
G6670,abgA,b1338
EG10488,iap,b2753
G7874,tamA,b4220
EG10683,pabB,b1812
EG10902,rpsC,b3314
EG12539,idnT,b4265
G7007,yebT,b1834
G6774,yddM,b1477
EG12436,rseP,b0176
G6669,abgB,b1337
G7945,lgoD,b4358
EG11342,ychE,b1242
EG11688,yicL,b3660
G7598,ygjJ,b3079
EG10682,pabA,b3360
EG10901,rpsB,b0169
EG10123,birA,b3973
G7371,yfjS,b2636
EG10750,potB,b1125
G0-10461,ypdJ,b4545
EG12384,ybcF,b0521
EG10487,hypE,b2730
G7097,wzxC,b2046
EG11796,lplA,b4386
EG10900,rpsA,b0911
EG10101,atpD,b3732
G6998,yobD,b1820
G6761,mcbR,b1450
EG12394,msrB,b1778
EG11762,yibF,b3592
G7920,nanM,b4310
EG12209,crcB,b0624
G364,flgH,b1079
G7588,yqiJ,b3050
EG11591,lipB,b0630
EG10892,rpmH,b3703
EG10116,bglG,b3723
G7316,yfgH,b2505
G6916,ydiM,b1690
G0-10446,ymjC,b4525
EG10739,pldB,b3825
EG10486,hypD,b2729
EG11167,zupT,b3040
EG11306,lipA,b0628
EG10891,rpmG,b3636
EG12525,mgtA,b4242
G6996,pdeD,b1815
G6750,ydcR,b1439
EG12341,rseA,b2572
EG10049,appA,b0980
G7919,nanS,b4309
EG11312,yicR,b3638
EG11687,setC,b3659
G7580,yqiB,b3033
G7496,mocA,b2877
EG10890,rpmF,b1089
EG10087,ascG,b2714
G7296,ypfH,b2473
EG10745,pntB,b1602
G0-10445,ymjB,b4524
EG10471,hyaD,b0975
G7929,yjiJ,b4332
EG11859,fdhD,b3895
EG10889,rpmE,b3936
EG10100,atpC,b3731
G6995,yoaH,b1811
G6745,sutR,b1434
EG12177,cutA,b4137
G7893,idnD,b4267
EG12045,radD,b2184
G363,flgG,b1078
G7566,yqhG,b3013
EG11829,mobA,b3857
EG10888,rpmD,b3302
EG10054,araC,b0064
G7266,yfeX,b2431
G6893,ydhP,b1657
G0-10444,ymgH,b4521
G7866,ytfE,b4209
G7867,ytfF,b4210
EG11666,moaC,b0783
EG10887,rpmC,b3312
EG12520,ytfT,b4230
G6983,yeaR,b1797
G6671,abgR,b1339
EG12124,hisJ,b2309
G7868,qorB,b4211
G7892,idnO,b4266
EG11309,pdxI,b1406
EG11686,yicJ,b3657
G7552,yghT,b2986
EG11598,moaE,b0785
EG10886,rpmB,b3637
EG10029,ada,b2213
G7247,ypdE,b2384
EG10744,pntA,b1603
EG12870,ycjF,b1322
G7740,nudE,b3397
G7865,fklB,b4207
G7767,dcrB,b3472
EG11597,moaD,b0784
EG10885,rplY,b2185
EG10099,atpB,b3738
G6981,yeaQ,b1795
G6630,ychQ,b1213
EG11918,zraP,b4002
G7721,yhfK,b3358
G7858,ulaD,b4196
G362,flgF,b1077
G7543,glcG,b2977
EG11596,moaB,b0782
EG10884,rplX,b3309
G7071,cbl,b1987
G7236,oxc,b2373
G6885,ydhK,b1645
EG12861,yecF,b1915
G7717,kefG,b3351
G7748,nfuA,b3414
G7745,yhgE,b3402
EG11595,moaA,b0781
EG10883,rplW,b3318
EG12504,cycA,b4208
G6970,yeaH,b1784
G6569,comR,b1111
EG11897,rpoE,b2573
G7636,agaI,b3141
G7726,frlD,b3374
EG11292,yghA,b3003
EG11679,aas,b2836
G7541,yghJ,b4466
EG11511,mog,b0009
EG10882,rplV,b3315
EG12739,exuR,b3094
G7216,mlaA,b2346
EG10740,plsB,b4041
EG12707,ygbE,b2749
G7599,ygjK,b3080
G7744,hslO,b3401
G7729,yhfT,b3377
EG10154,moeB,b0826
EG10881,rplT,b1716
EG10098,atpA,b3734
G6966,yeaD,b1780
G6420,mntR,b0817
EG11831,srkA,b3859
G7490,ygeX,b2871
G7724,frlC,b4474
G361,flgE,b1076
G7538,yghG,b2971
EG10153,moeA,b0827
EG10880,rplS,b2606
EG12335,cdaR,b0162
G7192,yfcE,b2300
G6877,dtpA,b1634
EG12703,yccJ,b1003
G7408,yqaB,b2690
G7716,fkpA,b3347
G7711,gspL,b3333
G6239,panE,b0425
EG10879,rplR,b3304
EG12475,yjeM,b4156
G6964,yeaC,b1777
G6398,ybhD,b0768
EG11784,grcA,b2579
G7164,nudI,b2251
G7723,frlB,b3371
EG11290,yeiB,b2152
EG11672,atoB,b2224
G7537,yghF,b2970
EG12312,coaE,b0103
EG10878,rplQ,b3294
EG11849,yihW,b3884
G7187,hxpA,b2293
G7554,hybO,b2997
EG10733,phoR,b0400
EG12692,hcxA,b0599
G7160,rhmD,b2247
G7638,yraI,b3143
G7710,gspK,b3332
EG11747,panD,b0131
EG10877,rplP,b3313
EG10086,ascF,b2715
G6956,ynjI,b1762
G6332,ybdO,b0603
EG11644,ydeI,b1536
G7158,yfaU,b2245
G7631,kbaZ,b3132
G360,flgD,b1075
G7527,yggS,b2951
EG11746,panC,b0133
EG10876,rplO,b3301
EG11527,narP,b2193
G7163,yfaZ,b2250
G6876,rsxE,b1632
EG11963,lldD,b3605
EG12689,yceK,b1050
G7145,preT,b2146
G7414,hycI,b2717
G7709,gspJ,b3331
EG11675,panB,b0134
EG10875,rplN,b3310
EG12469,dtpC,b4130
G6949,ynjB,b1754
G6259,ybaQ,b0483
EG11535,ibpB,b3686
G7123,yegS,b2086
G7463,kduI,b2843
EG11219,ydcA,b1419
EG11667,atoS,b2219
G7523,yqgD,b2941
EG11190,coaD,b3634
EG10874,rplM,b3231
EG11366,rob,b4396
G7064,yeeJ,b1978
EG11858,fdoG,b3894
EG10732,phoQ,b1129
EG12611,yabQ,b0057
G6810,glsB,b1524
G7284,eutJ,b2454
G7708,gspI,b3330
EG10922,coaA,b3974
EG10873,rplL,b3986
EG10084,aroP,b0112
G6948,ynjA,b1753
G6226,iprA,b0375
EG11534,ibpA,b3687
G6731,azoR,b1412
G7446,gudX,b2788
G359,flgC,b1074
G7522,yqgC,b2940
EG10004,dfp,b3639
EG10872,rplK,b3983
EG10728,phoB,b0399
G7024,cutC,b1874
G6875,rsxG,b1631
EG11801,hybC,b2994
EG12610,yabP,b0056
G6727,ynbA,b1408
G7281,eutA,b2451
G7707,gspH,b3329
G0-9461,pdxB,b2320
EG10871,rplJ,b3985
EG12462,adiC,b4115
G6924,ydiU,b1706
G6183,yahD,b0318
EG11533,ychH,b1205
G6717,paaI,b1396
G7445,gudD,b2787
EG11213,yzfA,b4223
EG11665,bacA,b3057
G7514,ygfF,b2902
EG12693,nudL,b1813
EG10870,rplI,b4203
EG10482,zraR,b4004
G7005,msrC,b1832
EG11799,hybA,b2996
EG10730,creC,b4399
EG12557,sgcX,b4305
G6701,ydbK,b1378
G7207,yfcS,b2336
G7706,gspG,b3328
EG10693,pdxJ,b2564
EG10869,rplF,b3305
EG10062,arcB,b3210
G6915,ydiL,b1689
G6165,ecpR,b0294
EG11470,yigL,b3826
G6580,nudJ,b1134
G7336,hcaD,b2542
RUVB,ruvB,b1860
G358,flgB,b1073
G7512,yqfA,b2899
EG10691,pdxA,b0052
EG10868,rplE,b3308
EG10359,fur,b0683
G6997,yoaE,b1816
G6874,rsxD,b1630
EG11227,fdnG,b1474
EG12446,yfiL,b2602
G6556,solA,b1059
G6787,ydeM,b1497
G7704,gspE,b3326
G7961,feaB,b1385
EG10867,rplD,b3319
EG12442,yfjD,b4461
G6914,ydiK,b1688
G6153,yagP,b0282
EG11433,msrA,b4219
G6539,ghrA,b1033
G7335,hcaB,b2541
EG11209,psiE,b4030
EG11658,uidB,b1616
G7506,ygfT,b2887
G7409,pncC,b2700
EG10866,rplC,b3320
EG10338,cra,b0080
G6993,yoaB,b1809
EG10649,ndh,b1109
EG10722,phnM,b4095
EG12434,ygiM,b3055
G6456,hcr,b0872
G6541,ycdY,b1035
G7703,gspD,b3325
G6350,nadD,b0639
EG10865,rplB,b3317
EG10060,araJ,b0396
G6897,ydhT,b1669
G6097,rof,b0189
EG11325,acnA,b1276
G6437,yliI,b0837
G7334,hcaC,b2540
RUVA,ruvA,b1861
G357,flgA,b1072
G7505,ygfS,b2886
EG12192,nadK,b2615
EG10864,rplA,b3984
EG10281,fadR,b1187
G6980,dgcP,b1794
G6873,rsxC,b1629
EG10469,hyaB,b0973
EG12405,ychO,b1220
G6428,fsaA,b0825
G6481,elfD,b0939
G7702,gspC,b3324
EG11546,nadC,b0109
EG10835,relA,b2784
EG12439,yjfF,b4231
G6895,ydhR,b1667
EG30099,ssrS,b2911
EG11206,yjaA,b4011
G6326,ybdK,b0581
G7128,gatZ,b2095
EG11207,yjaB,b4012
EG11640,ydeE,b1534
G7494,yqeB,b2875
EG11135,pncA,b1768
EG10437,hflX,b4173
EG10235,dnaA,b3702
G6881,slyB,b1641
EG10468,hyaA,b0972
EG10708,pheP,b0576
EG12404,ychN,b1219
G6261,glsA,b0485
G6386,ybgP,b0717
G7701,gspA,b3323
EG10742,pncB,b0931
EG10215,deaD,b3162
EG10059,araH,b4460
G6894,ydhQ,b1664
EG12933,feoC,b3410
EG10681,oxyR,b3961
EG12702,ycaK,b0901
G6986,dmlA,b1800
G7940,symE,b4347
EG11977,fliR,b1950
G7491,ygeY,b2872
EG10663,nadE,b1740
EG10210,dbpA,b1343
EG10200,cytR,b3934
G6840,ynfA,b1582
G6872,rsxB,b1628
EG10318,fldA,b0684
EG12378,yecD,b1867
EG12409,aegA,b2468
G6357,hscC,b0650
G7690,yhdP,b4472
EG10631,nadB,b2574
G7239,ypdI,b2376
EG12416,gatC,b2092
G6888,ydhL,b1648
EG12860,yebK,b1853
EG10463,degP,b0161
EG12298,yibQ,b3614
G6721,paaY,b1400
EG11166,ygiD,b3039
EG11637,marC,b1529
G7489,ygeW,b2870
EG10630,nadA,b0750
G7091,ugd,b2028
EG10184,cysB,b1275
G6770,nhoA,b1463
EG10285,fdhF,b4079
EG10706,pgsA,b1912
EG12372,ygdG,b2798
EG12293,yiaY,b3589
G6356,djlC,b0649
G7534,yqgA,b2966
M007,thiM,b2104
EG11788,fcl,b2052
EG10056,araE,b2841
G6884,ydhJ,b1644
EG12624,yiaG,b3555
EG10452,hisP,b2306
EG12172,hinT,b1103
G6719,paaK,b1398
G6937,cho,b1741
EG11976,fliQ,b1949
G7483,ygeQ,b2863
G7135,thiD,b2103
EG11787,gmd,b2053
EG10093,asnC,b3743
G6759,mnaT,b1448
G6871,rsxA,b1627
G6849,dmsD,b1591
EG12333,yadS,b0157
EG12069,mqo,b2210
G6353,djlB,b0646
G7526,yggR,b2950
G6566,thiK,b1106
EG11502,rcsF,b0196
EG12414,gatA,b2094
G6870,ydgK,b1626
EG12431,puuR,b1299
EG10374,ggt,b3447
EG11905,fsaB,b3946
G6718,paaJ,b1397
EG11165,ygiC,b3038
EG11636,ydeA,b1528
G7482,ygeP,b2862
G6246,cof,b0446
EG11409,lpxK,b0915
EG11738,rsd,b3995
G6758,ydcZ,b1447
EG12067,napA,b2206
EG10705,pgpB,b1278
EG12326,yadL,b0137
EG11850,yihX,b3885
G6333,dsbG,b0604
G7403,ygaY_1,b2680
G6237,dxs,b0420
EG11319,galU,b1236
EG10042,ampE,b0111
G6865,ydgA,b1614
EG12406,cecR,b0796
EG10129,btuE,b1710
EG11761,pptA,b1461
G6716,paaH,b1395
G6933,ydjM,b1728
EG11975,fliP,b1948
G7479,ygeO,b2859
G6234,thiL,b0417
EG10822,rcsC,b2218
EG10896,rpoD,b3067
G6699,uspF,b1376
EG11814,torA,b0997
G6863,ydgC,b1607
G8202,yaaI,b0013
EG12303,ycfH,b1100
EG11728,yieK,b3718
G6293,sfmH,b0533
G7186,yfbS,b2292
G1,thiS,b4407
EG10821,rcsB,b2217
EG12400,mdtK,b1663
G6813,yneK,b1527
EG12308,yfhH,b2561
EG10061,arcA,b4401
EG11692,adeD,b3665
G6715,paaG,b1394
EG11163,ygiA,b3036
EG11632,potI,b0857
G7477,ygeM,b2857
EG11590,thiH,b3990
EG10566,manA,b1613
G6852,mlc,b1594
G6629,ycgV,b1202
EG10648,narZ,b1468
EG10704,pgpA,b0418
G7870,ytfI,b4215
EG12295,yibN,b3611
EG11438,yceF,b1087
G6291,sfmC,b0531
G7108,yegH,b2063
EG11589,thiG,b3991
EG10520,waaA,b3633
EG10014,acrD,b2470
G6808,dgcF,b1522
EG12179,cspE,b0623
EG10011,yaaA,b0006
EG11298,yhdE,b3248
G6714,paaF,b1393
G6558,dinI,b1061
EG11967,flgK,b1082
G7476,ygeL,b2856
EG11587,thiF,b3992
EG10366,galT,b0758
EG10325,fnr,b1334
G6616,ycgL,b1179
EG10647,narY,b1467
G6861,ydgI,b1605
G7861,yjfY,b4199
EG12288,yiaT,b3584
EG11289,preA,b2147
G6268,ybbN,b0492
G7107,wza,b2062
EG11586,thiE,b3993
EG10363,galK,b0757
EG12393,ttdT,b3063
G6807,yneE,b1520
EG12176,yjdC,b4135
G7949,fhuF,b4367
EG10995,tesB,b0452
G6713,paaE,b1392
EG11154,ppdC,b2823
EG11631,potH,b0856
G7473,ygeI,b2853
EG11585,thiC,b3994
EG10362,galE,b0759
EG10164,crp,b3357
G6542,ycdZ,b1036
EG10639,narH,b1225
EG10685,panF,b3258
G7851,yjfN,b4188
EG12277,ysaA,b3573
EG10138,cdh,b3918
G6154,paoD,b0283
G6984,leuE,b1798
G6442,ybjI,b0844
EG10162,cpsG,b2048
EG10012,cydC,b0886
G6797,ydeU,b1509
EG12140,ydhB,b1659
G7593,yqjH,b3070
G6712,paaD,b1391
G6115,dinB,b0231
EG11656,fliH,b1940
G7470,ygeF,b2850
EG11406,ribC,b1662
EG10161,cpsB,b2049
G6527,efeO,b1018
G6858,mdtJ,b1600
G7838,yjeN,b4157
EG12271,yiaD,b3552
EG10638,narG,b1224
EG12397,ycbF,b0944
G6945,ydjX,b1750
EG11331,ribA,b1277
G7292,eutS,b2462
EG12392,dauA,b1206
G6769,yddH,b1462
EG12008,mlrA,b2127
G7033,ftnB,b1902
G6711,paaC,b1390
EG11152,yfiB,b2605
EG11627,artM,b0861
G7469,yqeK,b2849
EG11322,ribE,b0415
G7287,eutM,b2457
G6502,yccX,b0968
EG10669,ompA,b0957
G7746,yhgF,b3407
EG12270,yiaC,b3550
EG10331,frdB,b4153
EG12352,ppiC,b3775
G6920,ydiQ,b1697
EG11321,ribD,b0414
G7146,lpxT,b2174
EG10008,zraS,b4003
G6763,yncE,b1452
EG11854,yiiE,b3889
G6414,fiu,b0805
G6710,paaB,b1389
G0-9962,tisB,b4618
EG11654,fliG,b1939
G7464,yqeF,b2844
EG11202,yigB,b3812
G6415,mcbA,b0806
G6491,pqiB,b0951
G6857,mdtI,b1599
G7719,yheU,b3354
EG12265,bcsG,b3538
EG10330,frdA,b4154
EG12311,iscX,b2524
G6859,tqsA,b1601
EG11079,ribF,b0025
EG12257,bcsC,b3530
EG12380,gntT,b3415
G6728,ynbB,b1409
EG11694,yidF,b3674
G6266,fetA,b0490
G6709,paaA,b1388
EG11147,yffB,b2471
EG11626,artQ,b0862
G7462,tas,b2834
EG10465,ribB,b3041
G6490,pqiA,b0950
EG10664,nupG,b2964
G7667,yrbL,b3207
EG12264,bcsF,b3537
G7413,norV,b2710
EG12200,yegD,b2069
G6572,ycfT,b1115
G6236,yajO,b0419
EG10007,hisM,b2307
G6672,smrA,b1340
EG11578,greB,b3406
G0-10437,ybdZ,b4511
EG12197,seqA,b0687
G6708,paaZ,b1387
EG12080,recX,b2698
EG11545,flgL,b1083
G7460,ygdQ,b2832
EG12211,panZ,b3459
G6869,cnu,b1625
G7878,,b4247
G6482,elfC,b0940
G7023,torY,b1873
G6854,ynfM,b1596
G7651,yhbT,b3157
EG12254,yhjJ,b3527
EG12158,rdgC,b0393
EG12195,torD,b0998
G6465,lolA,b0891
EG11828,mobB,b3856
G6553,b1052,b1052
EG12369,ydjE,b1769
G6635,yciO,b1267
EG11450,maoP,b3764
EG12101,feoA,b3408
EG11505,holE,b1842
G6653,ycjS,b1315
EG11145,pdeA,b2395
EG11622,mdlB,b0449
G7453,ygdI,b2809
EG10611,mrp,b2113
G6804,lsrF,b1517
G0-8912,C0719,
G6425,ybiV,b0822
G7022,torZ,b1872
EG10658,bamC,b2477
G7643,yraN,b3148
EG12229,yhiN,b3492
EG11500,holB,b1099
EG12132,iscA,b2528
G6458,lysO,b0874
EG11273,fruL,b0079
EG10006,dcuB,b4123
G6618,ycgN,b1181
EG11432,yfeD,b2399
EG11181,bfd,b3337
EG11414,holD,b4372
EG11808,yebG,b1848
EG11389,fliT,b1926
G7448,yqcA,b2790
G6627,dhaK,b1200
G6577,cobB,b1120
G7562,,b3007
G6412,ybhG,b0795
G6923,ydiT,b1700
G6817,ydfJ,b1543
G7614,yqjK,b3100
EG12227,yhiL,b3490
EG11413,holC,b4259
EG12131,hscB,b2527
G6445,ybjL,b0847
G7918,yjhR,b4308
G6388,b0725,b0725
EG12368,znuB,b1859
G6608,pdeG,b1168
EG11251,ychA,b1214
EG11105,entH,b0597
EG11412,holA,b0640
EG11119,yceD,b1088
EG11617,baeS,b2078
G7444,ygcG,b2778
G6626,dhaL,b1199
G7917,yjhQ,b4307
G6500,hspQ,b0966
G0-8907,C0614,
G6403,ybhL,b0786
G6922,ydiS,b1699
EG10654,nirC,b3367
G7604,ygjP,b3085
EG12214,yhhN,b3468
EG11263,gspB,b3322
EG12130,hscA,b2526
G6443,ybjJ,b0845
G7916,yjhP,b4306
G7386,b2651,b2651
EG10003,cysZ,b2413
G6568,ycfP,b1108
EG10665,nusA,b3169
EG10921,ftnA,b1905
EG11199,mioC,b3742
EG11775,ybfE,b0685
EG11388,fliS,b1925
G7442,ygcE,b2776
G6205,mhpE,b0352
G7910,yjhG,b4297
G0-10689,mgtL,b4702
G6272,,b0501
G6387,ybgQ,b0718
G6921,ydiR,b1698
G6802,lsrD,b1515
G7577,ygiZ,b3027
EG12213,yhhM,b3467
EG11038,tus,b1610
EG12055,ccmE,b2197
G6431,gsiC,b0831
G7907,yjhV,b4286
G0-8902,C0362,
EG12367,cusA,b0575
G6564,ycfL,b1104
EG10467,hupB,b0440
EG10306,fhuE,b1102
EG10837,rep,b3778
EG11116,yceA,b1055
EG11616,sugE,b4148
G7440,ygcW,b2774
G6094,ldcC,b0186
G7902,yjhD,b4281
G0-10574,rseX,b4603
G7121,,b2084
G6329,ybdL,b0600
EG12697,fldB,b2895
EG10652,nhaA,b0019
G7555,yghW,b2998
EG12196,yccE,b1001
EG10829,recG,b3652
EG11989,yehC,b2110
G6282,ybbY,b0513
G7899,yjgZ,b4277
G6091,b0165,b0165
EG10002,modB,b0764
G6560,yceM,b1068
EG10466,hupA,b4000
EG10305,fhuD,b0152
EG10765,priC,b0467
EG11357,dinG,b0799
EG11355,fliA,b1922
G7439,ygcU,b4463
G495,bglA,b2901
G7896,yjgW,b4274
G0-10201,istR-2,b4616
G0-8897,C0293,
G6292,sfmD,b0532
EG12064,napG,b2205
G6801,lsrC,b1514
G7471,ygeG,b2851
EG12182,yajG,b0434
EG10764,priB,b4201
EG11950,nrfG,b4076
G6178,ykgG,b0308
G7381,ypjF,b2646
G6740,,b1425
EG12321,yadH,b0128
G6540,ycdX,b1034
EG10415,greA,b3181
EG10304,fhuC,b0151
EG10763,priA,b3935
EG11093,yaiA,b0389
EG11614,basS,b4112
G7433,ygcO,b2767
EG20248,uxuB,b4323
G7380,yfjZ,b2645
EG12402,chaB,b1217
G6084,,b0017
G6287,fdrA,b0518
EG12062,napH,b2204
EG10646,narX,b1222
G7468,yqeJ,b2848
EG12138,yaeF,b0193
EG10746,polA,b3863
EG11949,nrfF,b4075
G6137,afuB,b0263
G7379,yfjY,b2644
G0-8893,tpke11,
G7668,mtgA,b3208
G6507,gfcB,b0986
EG10299,fes,b0585
EG10687,parE,b3030
EG11064,uvrD,b3813
EG11347,fliF,b1938
G7420,ygbM,b2739
EG20051,dgoK,b3693
G7378,yfjX,b2643
EG11277,thrL,b0001
G7881,,b4250
G6243,ybaV,b0442
EG11492,qorA,b4051
G6790,safA,b1500
G7461,ygdR,b2833
EG12122,yggI,b2944
EG10686,parC,b3019
EG11805,hybG,b2990
EG13217,ybaE,b0445
G36,fadH,b3081
G7377,yfjW,b2642
G6678,,b1354
EG12315,yacH,b0117
G6506,gfcC,b0985
EG10295,fepC,b0588
EG10245,dnaX,b0470
EG20049,dgoA,b4477
EG11089,yacC,b0122
EG11613,eptA,b4114
G7407,yqaA,b2689
EG12606,fabF,b1095
G7376,ypjM_1,b2641
EG11236,pdeL,b0315
G0-9387,sroG,
G6210,yaiO,b0358
EG11328,fdx,b2525
EG10644,narV,b1465
G7357,yfjF,b2618
EG12120,rssA,b1234
EG10244,dnaT,b4362
EG11803,hybE,b2992
EG12445,eamB,b2578
EG12221,acpT,b3475
G7375,ypjM_2,b2640
G0-10587,ybhU,b4591
G7458,amiC,b2817
G6505,gfcD,b0984
EG10294,fepB,b0592
EG10242,dnaN,b3701
EG13236,mngB,b0732
EG11062,uvrB,b0779
EG11346,fliE,b1937
G7394,csiD,b2659
EG11647,accA,b0185
G7374,ypjM_3,b2639
EG10711,yjdM,b4108
G7692,b3254,b3254
G6190,yahK,b0325
G6786,gadC,b1492
G7349,yfiP,b2583
EG10334,fre,b3844
EG10239,dnaG,b3066
EG11663,slyD,b3349
EG12376,yfeH,b2410
EG11531,cfa,b1661
G7373,yfjU,b2638
G6419,yliL,b0816
EG12282,yiaN,b3578
G6504,gfcE,b0983
EG10292,fecR,b4292
EG10238,dnaE,b0184
EG12957,glk,b2388
EG11059,usg,b2319
EG11612,proP,b4111
G7385,ypjC,b2650
EG11528,fabI,b1288
G7372,yfjT,b2637
G0-8908,IS128,
G6126,yafY,b0251
EG10642,narK,b1223
G7295,ypfG,b2466
G6918,ydiO,b1695
EG10236,dnaB,b4052
EG11570,djlA,b0055
EG12173,gspM,b3334
EG11318,fabG,b1093
G7370,ypjK,b2635
G7388,,b2653
G7322,pbpC,b2519
G6496,yccF,b0961
EG10290,fecE,b4287
EG12690,rarA,b0892
EG12768,kbaY,b3137
EG11061,uvrA,b4058
EG11224,fliO,b1947
G7355,ypjD,b2611
EG11317,fabD,b1092
G7369,yfjR,b2634
G6294,,b0538
G26,dgd,
G6780,ddpB,b1486
G7267,yfeY,b2432
EG11563,fixB,b0042
EG11071,xerD,b2894
EG11080,fkpB,b0028
EG12024,yohK,b2142
EG11284,fabZ,b0180
G7368,yfjQ,b2633
G0-8903,C0465,
EG12281,yiaM,b3577
G6492,pqiC,b0952
G7602,higB,b3083
EG10287,fecB,b4290
EG10426,helD,b0962
EG12734,uxaA,b3091
EG10848,rhsC,b0700
EG11610,evgS,b2370
G7346,yfhL,b2562
EG10277,fabH,b1091
G7367,yfjP,b2632
G7149,b2191,b2191
G0-9609,rttR,b4425
EG10640,narI,b1227
G7261,yfeS,b2420
EG11562,fixA,b0041
G6992,yoaA,b1808
EG11070,dsbC,b2893
EG11895,yeeE,b2013
EG10276,accC,b3256
G7366,rnlB,b2631
G6179,b0309,b0309
G6968,mipA,b1782
G6474,ycbK,b0926
EG11255,rsfS,b0637
EG10286,fecA,b4291
G6383,nei,b0714
EG11057,umuD,b1183
EG12522,garD,b3128
G7343,yphG,b2549
EG10274,fabB,b2323
G7365,rnlA,b2630
G0-8898,C0299,
G0-9582,hokE,b4415
G6779,ddpC,b1485
G7203,yfcO,b2332
G6251,atl,b0454
EG10985,surA,b0053
EG11671,atoE,b2223
EG10273,fabA,b0954
G7364,yfjM,b2629
G6748,,b1437
EG12276,xylH,b3568
G6472,ycaR,b0917
EG11087,secM,b0097
EG10113,bfr,b3336
EG12717,mug,b3068
EG12419,gatY,b2096
EG10712,yjdN,b4107
EG11608,clsA,b1249
G7339,yphC,b2545
EG10247,acpS,b2563
G7363,abpA,b2628
G6850,clcB,b1592
G6089,b0100,b0100
G0-16680,gadF,b4718
EG10635,nagE,b0679
G7200,yfcL,b2325
EG11871,gph,b3385
EG10758,ppiB,b0525
EG11536,yidE,b3685
EG10217,accD,b2316
G7362,abpB,b2627
G0-8894,tp2,
G6665,mppA,b1329
G6471,ycaQ,b0916
EG11001,thrS,b1719
G7883,tabA,b4252
EG11619,mfd,b1114
EG11056,umuC,b1184
G7329,csiE,b2535
EG12417,gatD,b2091
G7361,yfjJ,b2626
EG12331,clcA,b0155
G8203,,b0701
G0-16677,sokE,b4700
G6764,ansP,b1453
G7180,yfbN,b2273
EG11296,radA,b4389
EG10757,ppiA,b3363
EG11466,rarD,b3819
G7360,yfjI,b2625
G6687,b1364,b1364
EG12268,yhjX,b3547
G6460,ybjX,b0877
EG10335,frr,b0172
G7741,yrfF,b3398
EG11281,mutL,b4170
EG10434,hemY,b3802
EG11606,kch,b1250
G7328,yfhR,b2534
EG12399,dhaM,b1198
G7359,yfjH,b2623
G7814,ompL,b3875
G0-9961,tisA,b4617
G0-16662,rirA,
EG10629,emrE,b0543
G7169,arnD,b2256
EG10372,gdhA,b1761
EG11222,alkA,b2068
EG10689,pcm,b2743
G7873,ytfL,b4218
G7280,yffS,b2450
G0-10597,ryfB,b4607
G6662,mpaA,b1326
G6454,ybjT,b0869
G7836,epmB,b4146
G7314,pdeF,b2503
EG11193,dinD,b3645
EG10984,sulA,b0958
EG12296,gpmM,b3612
G7318,yfgJ,b2510
G6551,clsC,b1046
G7279,yffR,b2449
G6762,yncD,b1451
G7818,,b3975
G0-16636,3'ETS<sup><i>leuZ</i></sup>,
G6754,ydcV,b1443
G7156,yfaT,b2229
G6455,ltaE,b0870
EG11068,vsr,b1960
EG10645,narW,b1466
G7658,mlaB,b3191
G6406,clsB,b0789
G7278,yffQ,b2448
G6516,ycdF,b1005
EG12266,yhjV,b3539
G6451,ybjQ,b0866
G7827,dcuS,b4125
G7061,zinT,b1973
EG11058,ung,b2580
EG12292,aldB,b3588
EG10216,dedA,b2317
EG11573,thiP,b0067
G7315,yfgG,b2504
G0-9662,gnsA,b4517
G7277,yffP,b2447
G6700,ompN,b1377
G0-8911,C0664,
G0-16635,ryeG,
EG10617,mtr,b3161
G7152,yfaP,b2225
EG10946,serC,b0907
EG10986,tag,b3549
EG10641,narJ,b1226
G7406,ygaH,b2683
EG11674,ygiH,b3059
G7276,yffO,b2446
G7561,,b3004
G6621,ldcA,b1192
G6434,dgcI,b0834
G7350,patZ,b2584
G6784,dosC,b1490
EG10925,ruvC,b1863
EG10976,ssb,b4059
EG12287,sgbE,b3583
G7269,ypeA,b2434
EG11530,fadD,b1805
G7275,yffN,b2445
G6657,ompG,b1319
G6336,,b0609
G0-16601,micL,b4717
G6753,ydcU,b1442
G7117,yegP,b2080
EG10945,serB,b4388
EG10834,recR,b0472
EG10485,hypC,b2728
G7405,ygaZ,b2682
EG11437,plsX,b1090
G7274,yffM,b2444
G0-8906,tpke70,
EG12249,yhjE,b3523
G6433,pdeI,b0833
G7345,glrK,b2556
G6783,dosP,b1489
EG10833,recQ,b3822
EG12286,sgbU,b3582
EG10047,apaG,b0050
EG11566,yaaU,b0045
G7268,yfeZ,b2433
G6250,ybaY,b0453
G7273,yffL,b2443
G6531,pgaA,b1024
G7353,,b2596
G0-10738,nc1,
EG10615,mtlA,b3599
G7111,yegK,b2072
EG10944,serA,b2913
EG10832,recO,b2565
EG10484,hypB,b2727
G6674,ydaN,b1342
G6554,yceJ,b1057
G7272,intZ,b2442
G6221,ykiB,b0370
G6452,amiD,b0867
G6426,ybiW,b0823
G7211,sixA,b2340
G6749,hicB,b1438
EG10828,recF,b3700
EG10831,recN,b2616
EG12284,lyxK,b3580
G7256,yfeN,b2408
EG12061,napB,b2203
G7232,yfdT,b2363
G6370,chiP,b0681
G0-8900,C0343,
G0-10737,esrE,b4707
G6744,ydcO,b1433
G7035,yecR,b1904
EG10193,cysM,b2421
EG10736,phr,b0708
EG10473,hyaF,b0977
G6193,yahN,b0328
EG12060,napC,b2202
G7231,yfdS,b2362
G7034,,b1903
EG12241,mdtF,b3514
G6413,ybiX,b0804
G7056,hprS,b1968
G6639,pdeR,b1285
EG10627,mutY,b2961
EG12279,yiaK,b3575
EG11561,caiT,b0040
G7252,ypeC,b2390
EG11945,nrfB,b4071
G7230,yfdR,b2361
EG11364,bglH,b3720
G6090,b0105,b0105
G0-10706,,
EG10613,msbA,b0914
G7025,yecM,b1875
EG10192,cysK,b2414
EG10625,mutS,b2733
EG10472,hyaE,b0976
EG11988,yehB,b2109
EG11781,nrfA,b4070
G7229,yfdQ,b2360
G0-8896,C0067,
EG12440,mpl,b4233
G6405,ybhN,b0788
G6344,citC,b0618
G6570,bhsA,b1112
EG10624,mutH,b2831
EG10823,recA,b2699
EG12272,ghrB,b3553
G7240,yfdY,b2377
EG10172,cybB,b1418
G7228,yfdP,b2359
EG11124,ompW,b1256
G6690,,b1367
G0-10705,,
G6666,ynaI,b1330
G7015,yobB,b1843
EG10187,cysE,b3607
EG10534,ligA,b2411
EG10461,htpG,b0473
EG11568,kefF,b0046
G7401,nrdH,b2673
G7227,yfdO,b2358
G14,ackB,
EG12236,arsB,b3502
G6399,ybhH,b0769
G6318,cusS,b0570
G6447,ybjN,b0853
EG10329,mutM,b3635
EG12253,kdgK,b3526
EG11555,yaaJ,b0007
G7217,yfdC,b2347
EG12688,grxB,b1064
G7226,yfdN,b2357
EG10729,phoE,b0241
G0-8869,sraF,b4448
G0-10704,,
EG10610,mreD,b3249
G7012,yebY,b1839
EG11271,pheL,b2598
EG10037,alkB,b2212
EG10455,skp,b0178
EG11338,msyB,b1051
EG12294,grxC,b3610
G7225,yfdM,b2356
EG12183,ampG,b0433
G6379,ybgI,b0710
EG12658,qseC,b3026
G6396,acrZ,b0762
G6407,ybhP,b0790
EG10747,polB,b0060
EG12245,treF,b3519
G7215,yfdF,b2345
EG12181,grxD,b1654
G7224,yfdL,b2355
EG10671,ompF,b0929
G0-10703,,
G6650,ycjP,b1312
G7001,yebO,b1825
EG10079,aroG,b0754
EG11915,nfi,b3998
EG10284,fdhE,b3891
EG10657,nlpA,b3661
EG11887,trxC,b2582
G7223,yfdK,b2354
EG12232,dtpB,b3496
G6363,ybeZ,b0660
EG12385,rcsD,b2216
G6321,cusF,b0573
EG11336,endA,b2945
EG12152,idnK,b4268
EG11541,kup,b3747
G7196,yfcH,b2304
EG11031,trxA,b3781
G7221,yfdI,b2352
EG10670,ompC,b2215
G0-10702,,
EG10607,mrdB,b0634
G6994,yoaC,b1810
EG11039,tyrA,b2600
EG11098,xseB,b0422
EG10243,dnaQ,b0215
EG10417,grxA,b0849
G7220,yfdH,b2351
EG12015,pbpG,b2134
G6355,ybeU,b0648
EG12007,btsS,b2126
G6167,ykgM,b0296
EG11094,sbcD,b0398
EG10533,lexA,b4043
EG12133,ucpA,b2426
G7191,yfcD,b2299
EG10275,accB,b3255
G7219,yfdG,b2350
G7921,nanC,b4311
G0-10701,och5,
G6649,ycjO,b1311
G6979,yoaF,b1793
EG10707,pheA,b2599
EG11072,xseA,b2509
EG10240,dnaJ,b0015
EG50003,acpP,b1094
G7218,intS,b2349
EG12231,uspB,b3494
G6330,ybdM,b0601
EG11211,epmA,b4155
G0-10655,yqcG,b4682
EG10927,sbcC,b0397
EG12013,bglX,b2132
EG11499,yhbE,b3184
G7182,yfbP,b2275
EG11095,acpH,b0404
G7119,ogrK,b2082
G6543,csgG,b1037
G0-10700,,
EG10601,motA,b1890
G6978,yeaO,b1792
EG11274,trpL,b1265
EG10926,sbcB,b2011
EG10157,clpB,b2592
G7101,wcaD,b2056
EG11893,dacD,b2010
G6324,ybdF,b0579
EG11132,ppsR,b1703
EG12830,ybaM,b0466
EG10830,recJ,b2892
G7509,ygfX,b2896
G7181,yfbO,b2274
EG11957,alsE,b4085
G7086,yeeW,b2006
G0-10699,sdsN,b4719
G6643,puuP,b1296
G6955,ynjH,b1760
EG11028,trpE,b1264
EG10826,recD,b2819
EG10090,aslB,b3800
G7085,cbtA,b2005
EG12230,pitA,b3493
G6289,ylbF,b0520
EG10443,hipA,b1507
EG12204,cspC,b1823
EG10825,recC,b2822
EG11491,dinF,b4044
G7179,yfbM,b2272
EG11956,alsK,b4084
G7084,cbeA,b2004
G0-10698,,
EG10598,minE,b1174
G6938,ves,b1742
EG11027,trpD,b1263
EG10824,recB,b2820
G7539,pppA,b2972
G7106,wzb,b2061
G7083,yeeT,b2003
EG11823,amiA,b2435
G6271,ylbH,b0499
EG10387,glnL,b3869
EG11390,uspA,b3495
EG10575,mcrC,b4345
G6798,lsrK,b1511
EG11868,rhaB,b3904
G7178,yfbL,b2271
G7104,wcaA,b2059
G7082,yeeS,b2002
G7833,yjeH,b4141
G0-10694,arrS,b4704
G6622,emtA,b1193
G6929,ydiZ,b1724
EG11026,trpC,b1262
EG10574,mcrB,b4346
EG12143,napD,b2207
G7103,wcaB,b2058
G7081,yeeR,b2001
EG12220,yhhT,b3474
G6264,ybbJ,b0488
EG10026,aceK,b4016
EG11297,dsbA,b3860
EG10459,hsdR,b4350
EG11867,rhaA,b3903
EG11486,wzxE,b3792
G7174,elaA,b2267
G7102,wcaC,b2057
G7080,flu,b2000
G7503,ghxQ,b4464
G0-10624,insJK,
EG10597,minD,b1175
G6928,ydiY,b1722
EG11025,trpB,b1261
G6954,nudG,b1759
G7925,iadA,b4328
G7100,wcaE,b2055
G7079,yeeP,b1999
EG11363,amiB,b4169
G6258,ybaP,b0482
G812,nrdG,b4237
EG11256,iraP,b0382
EG11334,ligB,b3647
G0-10634,shoB,b4687
EG11866,rhaD,b3902
G7153,yfaQ,b2226
G7099,wcaF,b2054
G6837,intQ,b1579
G7404,ygaY_2,b2681
G0-10471,yifL,b4558
G6620,cvrA,b1191
G6903,fumD,b1675
EG11024,trpA,b1260
G7682,degQ,b3234
G7098,wcaJ,b2047
G6836,insD-7,b1578
EG12219,yhhS,b3473
G6252,pdeB,b0457
G7953,yjjW,b4379
EG11100,ybaB,b0471
EG11848,yihV,b3883
EG11479,tatC,b3839
G7144,yeiS,b2145
G7096,wcaK,b2045
G6835,ydfX,b1568
G7235,yfdV,b2372
G0-10470,yidD,b4557
EG10594,mglC,b2148
G6900,ydhW,b1672
EG10080,aroH,b1704
G7176,elaD,b2269
G7680,zapE,b3232
G7095,wcaL,b2044
G6834,ydfW,b1567
EG11358,murA,b3189
G6240,yajQ,b0426
G7313,hda,b2496
EG11083,rapA,b0059
G0-10633,ibsA,b4667
EG11846,yihT,b3881
G7134,yegX,b2102
G7094,wcaM,b2043
G6833,flxA,b1566
G6934,tcyP,b1729
G0-10448,ydaF,b4527
G6575,lolE,b1118
G6860,ydgH,b1604
EG11269,hisL,b2018
G6493,ycbZ,b0955
G7424,ftsB,b2748
EG11790,wcaI,b2050
G6832,ydfV,b1565
EG12217,yhhQ,b3471
G6230,yaiI,b0387
G6905,sufE,b1679
EG10608,mreB,b3251
G7133,yegW,b2101
EG11845,yihS,b3880
EG11471,bioP,b3827
G7132,yegV,b2100
EG11983,wbbI,b2034
G6831,ydfU,b1560
G6142,yagG,b0270
G0-10440,ybfQ,b4514
EG10578,melB,b4120
G6844,ynfD,b1586
EG10451,hisI,b2026
G6673,dgcM,b1341
G6463,clpS,b0881
G6936,cedA,b1731
G7662,kdsD,b3197
G6830,ydfT,b1559
EG11205,murB,b3972
G6186,yahG,b0321
G6550,ymdB,b1045
G6602,bluR,b1162
G0-10632,ibsB,b4668
EG11827,rpiB,b4090
G7131,yegU,b2099
G7590,rfaE,b3052
G6829,essQ,b1556
EG13174,yqcE,b2775
G0-10433,insX,b4505
G6573,lolC,b1116
G6843,ynfC,b1585
EG10450,hisH,b2023
EG12428,rhoL,b3782
EG12310,pepB,b2523
G6486,zapC,b0946
G6106,lpcA,b0222
G6828,ydfR,b1555
EG12215,zntA,b3469
G6180,ykgH,b0310
G6427,ybiY,b0824
EG11014,topB,b1763
EG11729,yieL,b3719
EG11469,rhtB,b3824
G7122,yegR,b2085
EG12267,eptB,b3546
G6827,rrrQ,b1554
EG12283,yiaO,b3579
EG12875,ybhC,b0772
EG10569,manZ,b1819
G6841,ynfB,b1583
EG10449,hisG,b2019
EG11013,topA,b1274
EG11920,pepE,b4021
G0-10261,ymgF,b4520
EG11736,gmhB,b0200
G6826,rzpQ,b1553
EG11204,murI,b3967
G6108,yafK,b0224
G6116,yafN,b0232
EG10899,rpoZ,b3649
G0-10631,ibsC,b4665
EG11708,glvG,b3681
G7118,yegQ,b2081
EG10973,gutQ,b2708
G6825,cspI,b1552
EG11919,yjbB,b4020
EG12859,opgD,b1424
G6565,lpoB,b1105
G6809,yneG,b1523
EG10448,hisF,b2025
EG10895,rpoC,b3988
EG11782,smpB,b2620
EG12878,zapA,b2910
EG10838,rfaD,b3619
G6824,ynfN,b1551
EG12178,dsbD,b4136
G6098,yaeQ,b0190
G0-10473,topAI,b4566
EG10894,rpoB,b3987
EG11698,galM,b0756
EG11468,rhtC,b3823
G7110,yegJ,b2071
EG10519,kdsB,b0918
G6823,gnsB,b1550
EG11724,adeP,b3714
EG12850,yfaL,b2233
EG10568,manY,b1818
G6742,ydcL,b1431
EG10447,hisD,b2020
EG10893,rpoA,b3295
EG11549,pepT,b1127
EG12855,matP,b0956
EG10518,kdsA,b1215
G6822,ydfO,b1549
EG10760,prc,b1830
G6082,yaaW,b0011
EG12854,cpoB,b0742
EG10667,nusG,b3982
G0-10630,ibsD,b4664
EG11402,treC,b4239
G7089,yeeZ,b2016
G7170,arnT,b2257
G6821,ydfN,b1547
EG11639,eamA,b1533
EG12705,yggN,b2958
G6561,murJ,b1069
G6738,ydcJ,b1423
EG10446,hisC,b2021
EG10666,nusB,b0416
EG11481,tatD,b4483
EG12371,nlpI,b3163
G7167,arnC,b2254
G6820,tfaQ,b1546
EG12169,ccmD,b2198
G0-9541,yjdP,b4487
EG12314,yacG,b0101
EG10424,gyrB,b3699
EG11288,mak,b0394
EG11463,corA,b3816
G7078,yoeA_2,b1998
EG12180,pagP,b0622
G6819,pinQ,b1545
EG11159,argO,b2923
EG12444,ycfJ,b1110
EG10567,manX,b1817
G6705,ydbL,b1383
EG10445,hisB,b2022
EG10423,gyrA,b2231
EG11112,aat,b0885
EG12313,zapD,b0102
G7663,kdsC,b3198
